#{"t_start": 1553770301.462264, "env_id": "Snake-v0"}
r,l,t
-9.2,29,2.072865
-10.4,17,2.174158
-10.3,12,2.230322
-10.2,5,2.254036
-10.0,3,2.269567
-10.9,16,2.339711
-10.2,3,2.3530.0,4-10.0,3,2.366611
-10,1,2.37-10.1,16,2.449178
-10.6,19,2.532349
-10.2,5,2.555788
-10.4,9,4.272348
-10.0,7,4.302916
-10.7,20,4.391862
-0.1,23,4.490528
-9.4,27,4.603679
-10.1,8,4.639775
-10.5,16,4.710057
-10.1,6,4.736256
-10.1,2,4.749078
-10.1,2,4.758034
-10.2,3,4.771196
-10,1,4.775986
-0.6,36,6.16835--10.4,23,6.273082-1-9.4,21,6.363775
-10.2,29,6.488494
0.2,4,6.50513
-10.8,9,6.544645
0.3,39,8.075519
-9.9,12,8.129561
-10.0,3,8.142157
-10.2,17,8.215644
-10,1,8.221175
-10.0,5,8.244455
-10.2,5,8.265531
-11.3,22,8.359122
-0.2,8,8.394489
-10.1,6,8.422193
-9.4,17,8.495625
-10.7,16,8.561155
-9.8,11,8.608751
-10.2,3,9.984035
-10.7,8,10.016289
-10.3,4,10.034031
-10.3,4,10.04997
-10.1,2,10.0584210.1,43,10.184327
-10.8,29,10.304796
-10.8,9,10.343222
-10.2,15,10.404845
-10.2,19,10.484371
-10.1,2,10.493215
-10.1,2,10.501276
-10.1,6,11.933114
-10.3,4,11.95063
-10.1,24,12.052429
-9.7,10,12.095005
-10.2,7,12.125799
-10,1,12.130804
-9.9,2,12.138955
-10.2,5,12.162024
-0.3,9,12.198908
-9.9,2,12.208329
-10.2,5,12.228252
-9.8,13,12.285865
-10.3,6,12.311328
-10.0,5,12.333868
-10.2,7,12.363977
-10.4,9,12.403759
-10.1,2,12.412718
-10.2,3,12.425233
-9.7,8,12.459973
10.3,8,13.859441
-10,1,13.864151--10.2,3,13.878744-0.2,18,13.995612
-0.5,29,14.118921
-10.2,3,14.13112
-10.0,5,14.153242
-10.3,8,14.187641
-9.9,4,14.208592
-10,1,14.213171
-10.2,5,14.233345
-10.3,4,14.257745
-10.6,19,14.337866
-10,1,14.341969
-10.4,5,14.363299
-10.2,3,14.379503
-10.2,3,14.392625
-9.7-10.3,16,15.81-10.0,-10.0,5,15.833541
-9.7,6,15.859431
-9.6,7,15.889165
10.7,20,15.974581
-10,1,15.979471
-1-9.9,22,16.051821
-9.7,4,16.068317--10.4,9,16.106452
-9.7,16,16.140119
-10.1,20,16.216987
-10.6,39,17.728043
-0.4,6,17.756111
-10.8,11,17.803822
-9.7,16,17.870264
1.0,28,17.992635
-0.8,14,18.052147
-10.3,12,18.105099
-9.7,14,18.165937
-10,1,18.170717
-9.8,11,18.217548
-9.8,13,19.624256
-9.8,3,19.638467
-9.4,27,19.754358
-10.1,2,19.763276
-10.3,6,19.788675
0.6,16,19.858016
-9.7,12,19.907654
-10.2,3,19.920902
-10,1,19.92499
-10.1,4,19.940966
-10,1,19.945149
-10.1,2,19.954439
-10.7,42,20.133489
-9.8,15,21.552072
-10.5,14,21.613926
0.9,13,21.670541
-11.0,17,21.746788
-10.2,5,21.766792
-10.3,10,21.807294
-10.1,64,23.435105
-10.0,11,23.481948
-10.4,17,23.555857
-10.3,6,23.580871
-10.2,9,23.618446
-9.8,27,23.730659
-9.8,7,23.759733
-9.7,16,23.826224
-10.3,4,23.842385
-10.3,4,23.8592
-10.2,5,23.879274
-10.3,4,23.896252
-9.8,11,23.945547
-10.2,9,25.323242
-10.1,6,25.349958
-10,1,25.355387
-10.2,13,25.410156
-10.1,12,25.459082
-10.3,12,25.508479
-10.3,4,25.525132
-10.5,10,25.566056
-9.8,3,25.577735
1.0,12,25.627698
-10.7,18,25.702465
-9.6,21,25.789248
-10.1,2,25.800728
-9.9,12,27.191886
-9.9,8,27.226519
-10.1,2,27.234981
-10.4,7,27.265028
-10.6,7,27.295539
-10.3,4,27.312858
-9.9,2,27.320929
-10.5,6,27.346837
-9.9,2,27.355783
-10.3,14,27.414502
-9.9,2,27.42346
-9.8,5,27.443561
-10.5,6,27.469029
-9.9,2,27.478241
-10,1,27.482951
-10,1,27.487773
-10.2,13,27.541422
-10.5,60,29.133605
-10.1,10,29.176057
-0.3,15,29.239725
-10.0,31,29.367967
-10.4,19,29.448382
-10.5,16,29.515286
-10.0,23,30.960641
-10.4,11,31.009324
-10,1,31.014148
0.2,6,31.039517
-10.6,19,31.118515
-10.4,5,31.139712
-10.0,17,31.208557
-10.0,3,31.22156
-10.9,24,31.322142
-9.1,28,31.440443
-10.6,23,32.992227
0.3,33,33.172617
-10.2,7,33.212141
-9.4,9,33.280513
-10.3,14,33.344031
-10.7,38,33.518033
-10.6,15,34.950681
-10.1,4,34.968522
-10.5,18,35.045837
-10.0,19,35.132935
-9.7,4,35.149839
0.0,6,35.174613
0.0,14,35.241988
-10,1,35.248506
-10.7,8,35.289362
-10.2,17,35.369371
-10.2,3,35.384735
-9.9,14,35.45008
-10.2,3,35.462931
-10,1,35.467034
-10.0,5,35.487991
-10.0,11,36.893667
-9.9,2,36.901597
-9.7,4,36.918893
-10.3,12,36.9697
0.9,15,37.036039
0.8,14,37.094605
-10.4,5,37.115955
-9.9,4,37.140215
-10.0,3,37.153953
-9.7,10,37.196214
-10.1,4,37.212888
-9.8,3,37.226257
-9.8,7,37.25732
-10.3,6,37.282362
-10.1,2,37.290654
-10,1,37.294799
-10.2,25,37.400776
-9.6,13,38.83773
-10,1,38.843175
-9.6,11,38.89608
-10.1,2,38.905074
-10.2,3,38.91809
-9.9,10,38.961388
-10.1,2,38.969426
-9.1,10,39.011879
-10.1,2,39.020483
-10.5,12,39.070033
-10.2,33,39.215005
-9.7,12,39.266062
-10.1,6,39.291639
-1.0,12,39.346055
-9.9,2,39.354748
-10,1,39.35-9.9,1-10.6,7,40.-10.2,3,40.739971
21.8,58,40.996224
-10.6,17,41.068619
-10.3,14,41.125802
-10,1,41.130049
-10.4,7,41.161956
-10,1,41.16633
-10.2,11,41.211712
-10.3,6,41.237319
-9.9,2,41.245526
-10.3,4,41.261833
-10.1,12,42.853414
-9.5,36,43.033767
-10.3,20,43.122154
-10.4,5,43.143145
-10.5,6,43.170785
-9.9,14,43.237187
-10.2,3,43.252256
-10.1,2,43.262215
-9.7,18,43.376757
-10.2,3,43.394522
-10.3,46,45.10758
-9.9,12,45.158933
-9.7,12,45.212341
-0.4,12,45.263208
-10.3,4,45.28138
-9.8,7,45.311932
-10,1,45.316754
-9.6,61,47.170089
-10.3,4,47.186071
-10.2,3,47.198578
-10.2,13,47.256833
0.2,32,47.399282
-10.2,9,47.437215
-10.3,4,47.453053
-10.2,15,47.51725
-10.1,8,47.550967
-10.1,2,47.559826
--10.8,21,47.601331
-10.4,5,47.62406
-10.5,12,49.2-9.7,44,49.353465
-10.8,15,49.440848
-10.5,6,49.480124
-10,1,49.494829
-10.7,8,-10.3,26,49.712218
-10.7,8,49.794867
-10.2,9,49.893054
-10.3,40,50.296551
-10.2,7,53.533426
-10.2,3,53.552983
-10.1,2,53.573975
-9.5,26,53.811711
-10.6,21,54.022271
-10,1,54.03377
-10.8,19,54.203141
-9.9,2,54.218895
-10.9,82,57.381855
-10.5,8,57.42539
-10.3,6,57.459839
-10.2,13,57.530665
-9.9,4,57.559476
-10.4,9,57.616782
-10.0,39,57.901167
-10,1,57.908785
-10.1,2,57.920432
-10.8,11,57.988036
-10.6,11,60.204238
-10.4,17,60.291825
-9.4,13,60.370149
-10.1,10,60.419835
-10,1,60.425576
-10.3,18,60.565271
-9.4,45,60.841101
-10.1,12,60.906892
-10.1,28,62.823045
-10.0,5,62.844666
-10.4,7,62.876983
-10,1,62.882032
-10,1,62.887409
-10.5,14,62.949481
-9.9,2,62.956944
-10.1,28,63.065533
-10,1,63.070189
-10.2,23,63.185908
-10.0,9,63.2413
1.0,52,65.251558
0.3,5,65.28992
-9.9,10,65.354827
-10.0,13,65.459708
-10.1,2,65.472277
-10.6,19,65.619791
-10.0,19,65.772044
-9.3,12,65.865598
-10.1,18,67.864437
-10.1,6,67.897928
-9.2,11,67.97836
-10.1,4,68.000996
-9.9,14,68.079084
-10.3,12,68.156227
-10.3,4,68.177603
-10.1,2,68.188619
-10.0,17,68.27925
-11.1,24,68.419912
-0.5,21,68.541134
-10.7,46,70.691791
10.4,23,70.834363
-0.9,11,70.89487
-10.5,22,71.023635
-9.9,12,71.088933
-0.2,16,72.803664
-10.8,29,72.926179
0.1,25,73.030814
-10.4,13,73.091069
-10,1,73.095045
-10.4,7,73.123121
-10.1,2,73.13186
-10.1,2,73.140701
-9.6,21,73.225958
-9.8,3,73.238925
-10.2,3,73.25-9.6,49,74.886161
-10.1,2,74.894935
-9.9,8,-0.2,30,74.962182
-10.1,2,74.971431
-10.3,20,-9.9,100,75.364031
-0.5,45,76.910586
-11.0,15,76.972278
-10.1,2,76.-11.1,74,77.057585
-10.9,1-10.9,58,77.249488
-10,1,77.254298
-10.6,19,78.921164
-10.1,14,78.979671
-10.1,2,78-10.5,36,79.045244
-10.2,3,-10.3,20,79-0.5,33,79.198002
-10.0,13,79.258602
-10.9,20,79.345193
-9.7,68,81.110066
-9.1,54,81.335071
-10.2,3,81.349054
-10,1,81.353504
-10,1,81.35772
-10.6,73,83.090585
-10.3,28,83.210489
-10.2,3,83.224684
-10.4,21,83.316648
0.5,49,84.902825
-9.9,8,84.944735
-10.1,6,84.969484
-10.5,30,85.094041
-10.0,29,85.21688
-9.9,14,85.277328
-9.7,4,85.293681
-10,1,85.298517
-10.1,2,85.311117
-11.0,19,86.823932
-10.7,46,87.023125
-10.3,4,87.041141
0.0,8,87.075986
-10.2,11,87.122975
-10.1,2,87.133289
-10.2,3,87.145911
-10.2,27,87.261914
-10.1,2,87.270683
-10.2,3,87.283513
-10.-10.8,73,88.930289
-10.1,44,89.128367
-9.9,22,89.225084
-10.4,59,90.896116
-10.2,3,90.910107
-10.6,51,91.125284
10.6,43,92.698834
-9.6,9,92.738325
-10.3,26,92.847542
-10.5,68,93.125599
-10.4,21,94.580553
-10.5,24,94.680568
-9.4,23,94.775064
-10.7,8,94.809085
0.5,15,94.870818
-10.0,5,94.891081
-10.5,10,94.932194
-0.2,28,95.047596
-10.1,2,95.055698
-10.7,16,96.473879
-9.8,45,96.662298
-10.2,3,96.674581
-10,1,96.679304
-0.2,6,96.703774
-10.4,11,96.747888
--10.2,37,96.779875
-10.1,50,98.335569
-10.7,16,98.40305
-9.8,7,98.43432-10.3,54,98.455021
-1-11.1,68,98.718759
-9.9,50,100.270783
-0.1,3,100.283144
-10.0,51,100.493551
-9.6,27,100.608956
-10.2,7,100.637552
-10.5,20,102.066771
-9.9,12,102.11966
-10,1,102.124254
-10.3,28,102.-0.6,90,102.459072
-10.2,29,102.579844
-11.0,15,103.991938
11.3,70,104.283637
-10.1,2,104.291916
-10.5,26,104.405118
-0.1,57,105.996531
-10.3,6,106.022554
-10.6,23,106.117986
0.8,26,106.22362
-10.3,14,106.282795
-10.9,28,107.83493
0.2,30,108.005458
-9.8,5,108.039425
-10.2,3,108.055348
-10.6,33,108.229958
-10.3,4,108.25285
0.0,26,108.364001
-10.5,8,108.39737
-0.3,67,110.412613
-10.1,44,110.683495
0.4,24,110.881824
0.6,40,112.874322
-10.6,13,112.930087
0.0,62,113.23689
-10,1,113.241625
-10.2,59,114.975042
1.0,86,115.498909
-10,1,115.504169
-10.2,3,117.435811
-9.9,2,117.450563
0.1,41,117.679151
-10.3,18,117.770359
-10.4,75,120.33023
-10.5,6,120.366412
-9.9,6,120.410567
-10.3,56,120.840957
-10.4,27,121.014147
-10,1,121.02002
-9.6,17,121.119842
-10.2,73,123.505077
-10.3,6,123.535655
-9.7,4,123.555944
-10.4,89,126.305263
-9.8,21,126.449492
-10,1,126.455474
-10.2,5,126.481339
-10.1,2,126.491906
-9.8,37,126.70931
-9.9,10,126.769665
-10.1,14,128.925338
-0.1,85,129.491888
-10,1,129.497024
-9.6,25,129.637461
-10,1,129.645091
-9.7,60,131.816561
-10.1,12,131.899783
-10,1,131.906446
-10.0,21,132.048387
10.2,47,132.30511
0.4,72,134.700871
0.1,123,137.064301
-10.0,15,137.134094
-10.2,35,137.290033
-10.4,35,139.135988
-9.4,107,141.166964
-10,1,141.172013
-10,1,141.176144
-10.5,32,141.330693
-10.3,48,141.54233
-10.1,2,141.55211
-10.1,46,143.348858
-10.8,13,143.409784
-10.3,36,14-10.7,224,143.865537
-10.2,49,145.841858
-10.8,231,150.109377
-10.2,33,150.262718
-8.6,37,150.4313
-9.8,29,150.556021
-10.1,160,154.560668
-9.920.4,166,155.149008
-10.3,40,156.984268
0.2,800,169.966705
-9.8,219,173.946427
10.8,29,174.097384
20.5,225,178.019153
-9.3,194,180.225905
-11.1,190,183.884309
-10,1,183.888414
10.7,262,187.879604
-9.5,10,187.926389
0.0,676,197.775709
-10.1,20,197.856435
-9.9,240,201.680489
-9.9,2,201.688599
-10.2,71,203.346036
-10.7,264,207.135843
20.9,91,207.502388
-9.9,54,209.074989
-10.3,558,216.938169
-10.1,2,216.946346
-10.2,3,216.957662
-10.1,4,216.973023
-10.5,406,222.695706
-10.1,92,224.638503
-10,1,224.646253
31.8,135,226.71612
9.8,415,232.486928
-10.4,5,232.506681
-0.2,536,241.608998
10.1,746,251.881972
31.8,125,254.043283
32.6,3015,302.839049
-10.1,2,302.846815
-10.1,2,302.856741
-9.2,387,308.544238
10.9,648,318.229477
-10.6,1359,339.023933
-10.1,2,339.032244
-10.2,857,350.874433
-9.6,1221,371.849781
43.1,493,381.161138
0.0,1358,400.688105
0.9,1115,417.498351
-10,1,417.502759
-9.9,2,417.511348
21.0,92,419.247178
-10,1,419.251681
0.3,101,421.014841
-9.8,255,424.771072
0.8,26,424.874748
-10.1,52,425.079127
-9.4,13,425.130354
-10.0,397,432.161755
20.9,97,432.55419
-10.1,14,432.611928
-10.6,7,432.640939
-10.2,3,432.653018
1.1,1151,450.006253
-0.1,259,453.767405
0.1,9,455.164925
0.2,228,457.418211
-10.1,20,457.498751
0.3,39,459.01089
11.6,291,462.88712
-9.2,151,464.959702
0.3,25,465.087214
-9.3,46,466.704865
19.6,102,468.477865
-0.1,51,468.688304
-10.0,177,470.759041
-10.2,25,472.217624
-10.8,469,478.208289
20.5,25,478.309346
-9.9,34,479.806631
-10.1,54,480.025649
11.4,65,481.637902
-10.3,120,483.465511
-9.9,2,483.473896
0.8,90,483.829047
-10.2,251,487.55892
-9.8,83,489.244934
11.5,256,493.199728
0.5,15,493.263036
0.8,54,493.484659
-10.5,374,499.070234
-11.0,219,502.686726
1.5,655,512.242414
21.8,130,514.113534
-10.7,1268,532.630327
9.8,347,538.216879
11.3,528,546.14127
-9.2,331,551.763205
-10.1,652,561.493342
31.6,451,567.636552
-10.3,564,577.059131
0.3,35,577.215448
-0.6,340,581.529912
0.9,1395,602.875396
12.2,65,604.548768
21.8,574,612.694306
-10.3,4,612.710671
-10.0,9,612.74731
-10.1,10,614.151381
-10.4,35,614.296861
0.3,15,614.357701
-9.4,13,614.41152
0.3,243,618.142554
-9.4,329,622.25782
-9.7,672,633.710119
-9.4,23,633.810606
-0.1,221,637.582325
0.2,86,637.962652
43.5,385,643.858014
11.2,337,649.253856
-10.0,9,649.290964
-10.1,8,649.32286
-9.8,19,649.403076
0.2,1020,665.053148
-10.0,243,669.017474
-9.3,16,669.084899
22.3,61,670.723754
0.2,496,678.483958
-10.1,578,686.510548
-10.1,4,686.527085
-9.5,10,686.568411
-10.2,31,686.696855
11.0,31,688.184932
-10.4,51,688.385755
-9.4,55,689.961588
-0.3,39,690.116271
-10,1,690.121294
-9.4,9,690.158053
-10.2,115,691.968855
11.3,150,693.924604
-10.0,3,693.936894
-9.5,62,694.182285
21.0,104,695.950496
-0.2,6,695.974715
11.6,245,699.747471
32.0,97,701.535759
0.3,17,701.606315
0.4,30,701.725673
0.9,29,703.214168
-9.6,73,703.523143
0.7,131,705.438845
12.3,162,707.521846
-10.5,182,711.148223
-10.3,4,711.164916
-10.1,2,711.174294
-10.1,2,711.184884
-10.1,2,711.195496
-10.1,84,712.898647
11.5,148,714.953371
-9.9,14,715.012261
-9.5,144,716.992429
31.7,104,718.817538
11.4,115,720.766931
-10.0,3,720.782788
11.2,75,721.132622
-10.4,95,722.984852
-10.4,57,724.684221
-10.7,8,724.718322
-10.2,195,726.929988
-10,1,726.935237
-10.1,10,726.976833
0.8,308,732.571524
0.3,113,733.051389
-10.2,143,736.508187
-9.1,1632,760.011196
21.9,893,773.355355
0.3,201,776.890178
-9.9,20,776.970375
11.4,83,778.664831
-10.2,3,778.677377
-9.4,129,780.540587
-0.1,37,780.690383
-10.2,3,780.702582
-9.2,11,780.750327
-10.1,2,780.758182
0.0,20,780.839042
-9.8,23,780.93509
-10.6,29,782.441652
12.2,545,790.135804
-10,1,790.139866
-9.5,260,793.920781
-10,1,793.924883
-10.2,3,793.936983
-10.3,8,793.968204
-10.6,275,797.930514
-10.3,210,801.586762
0.8,60,801.836007
0.9,157,805.279624
1.6,44,805.46499
20.8,156,807.482733
0.2,116,809.329035
0.1,289,813.30595
-10.1,2,813.315488
-10.0,105,815.170451
-10.1,2,815.178916
10.3,674,825.181089
-9.9,6,825.20561
11.0,77,826.900071
21.1,83,828.667554
-0.4,40,828.833469
-10.2,287,832.737918
1.1,31,834.243151
1.3,133,836.172478
-10.1,2,836.181697
0.7,173,838.26536
0.6,1058,854.861325
10.1,36,855.034091
-10.4,33,856.593209
-10.0,83,856.965942
1.2,402,865.117584
-10,1,865.123529
-10.0,87,865.494288
-9.7,24,865.592547
11.1,24,867.489652
32.2,101,867.925044
11.7,150,871.590692
-11.0,319,875.881516
22.5,123,878.512459
-10.3,384,885.451253
-10.0,29,885.574209
-0.1,263,889.547008
-10.5,498,897.770632
-10.0,17,897.842216
0.3,19,897.941853
31.4,93,899.899672
-9.8,41,901.48679
-10.3,340,905.748755
0.5,107,907.618016
31.3,884,921.562749
-10.1,70,921.923961
0.7,537,931.499056
0.6,16,931.565646
-10.2,2701,973.594918
-10.0,281,977.9402
21.7,79,979.625093
-10,1,979.62939
32.9,104,981.499758
-9.7,484,987.776598
-9.8,173,991.384974
-9.7,20,991.473047
31.6,193,993.708146
33.4,531,1001.661213
21.1,167,1005.220366
42.8,588,1013.4386
-0.1,101,1015.257695
-10,1,1015.261977
31.8,695,1026.727311
-10.1,2,1026.73596
11.0,47,1026.97429
-9.6,53,1027.227154
-10,1,1027.233651
9.3,100,1029.046781
-10.3,302,1034.683446
0.7,361,1039.135036
-9.7,624,1049.025622
11.8,659,1059.175654
30.4,503,1067.065108
-10.1,2,1067.073529
-10.2,3,1067.085949
-10.3,4,1067.101951
34.3,300,1072.680626
-9.7,4,1072.696512
12.3,1446,1096.616181
-10.2,5,1096.635629
-9.9,2,1096.644269
-10.7,8,1096.67523
-9.1,40,1096.832916
21.0,382,1102.533768
-10.4,5,1102.554657
-10.1,2,1103.913942
32.3,194,1106.040986
11.3,304,1109.958084
0.9,651,1119.274134
-10,1,1119.278941
-10.0,5,1120.654401
11.1,54,1120.869219
-10.3,310,1124.808995
0.8,86,1126.510798
-10.3,74,1128.15815
-9.5,18,1128.234054
-0.4,22,1128.324586
-9.0,17,1128.393441
-10.1,4,1128.41058
0.4,20,1128.494824
-10.5,10,1128.53682
32.7,56,1130.149238
-9.9,16,1130.213046
-9.9,10,1130.253061
-10.1,4,1130.270677
10.9,254,1134.052361
-9.8,35,1134.193864
-9.4,107,1135.990897
-10.1,18,1136.065944
43.7,755,1147.316331
-10.7,30,1147.439657
53.1,146,1150.745954
32.3,272,1154.650584
-9.6,45,1154.818205
11.4,125,1156.685833
-9.2,21,1156.772036
-9.6,33,1156.905832
10.8,191,1160.382754
32.7,272,1164.203228
10.5,80,1165.892812
-10.1,2,1165.900861
-10.1,10,1165.940531
33.3,182,1168.020557
-9.0,1845,1195.816972
0.0,386,1201.476335
-10.5,152,1203.475871
31.2,447,1209.369373
33.2,165,1212.714155
-9.5,2056,1242.747096
21.6,60,1243.039022
0.7,209,1246.588108
-10.7,90,1246.945686
-9.8,29,1248.45116
-10.0,3,1248.463642
-10,1,1248.467904
-0.3,23,1248.560962
22.3,89,1250.301921
-10.1,416,1256.033757
-10.8,59,1256.265699
2.3,871,1269.277737
-10.1,2,1269.28629
0.7,29,1269.404964
0.7,25,1269.526075
21.2,68,1271.21106
-9.8,239,1274.871486
0.2,284,1278.73192
-10.1,2,1278.739776
-11.1,24,1278.835773
0.3,25,1280.295637
1.1,61,1280.5484
21.1,357,1286.098874
41.9,279,1289.937469
-10.1,2,1289.947553
10.7,494,1297.273998
22.3,137,1299.151998
11.7,86,1300.849226
1.1,443,1306.697299
11.5,140,1308.62287
-0.1,57,1310.204072
30.8,407,1315.935505
11.1,34,1316.077597
-10.6,15,1316.142439
21.3,39,1316.300484
-10.2,47,1317.840941
23.2,372,1323.348801
21.1,837,1334.74475
-10.7,308,1340.056773
-10.4,19,1340.132385
0.2,24,1340.229034
-9.2,69,1341.861943
44.2,90,1342.217048
0.5,23,1342.307426
32.7,860,1355.203731
0.1,19,1355.280246
-9.5,22,1355.369391
22.0,110,1357.166511
1.2,50,1358.737163
-10.3,18,1358.817611
-9.5,20,1358.901141
-10.3,378,1364.490967
-9.3,130,1366.34344
-8.8,217,1369.883987
32.8,215,1372.081139
-9.5,290,1377.295943
10.4,93,1377.661674
-9.6,491,1385.038558
-10.1,176,1388.467131
-9.8,15,1388.528658
0.9,19,1388.609196
0.5,27,1388.723059
-9.8,329,1394.11979
-10.4,27,1394.227857
-9.6,303,1398.108642
-10.3,12,1398.155543
22.1,141,1400.070107
-9.2,97,1401.819742
-9.7,68,1403.43872
-9.5,18,1403.512331
32.7,328,1407.514671
-0.5,35,1409.013345
0.6,202,1411.176641
0.7,23,1411.268466
-10.7,30,1412.744566
-10.5,218,1414.968568
86.7,313,1420.284741
22.9,53,1420.502045
0.0,50,1422.052223
-9.3,32,1422.178152
22.1,53,1422.389011
51.7,134,1424.277132
44.2,534,1431.820534
31.9,160,1435.203679
11.4,351,1439.347452
-10.4,117,1441.182467
-9.9,10,1441.22223
0.1,41,1442.73279
-10.1,2,1442.741057
117.1,340,1446.794201
-10.2,23,1448.23818
42.4,194,1450.356207
0.4,54,1451.921588
-10.2,9,1451.957762
22.0,118,1453.783693
11.1,74,1454.0564.5,615,1457.79352
10.8,11,1457.837133
-9.0,123,1459.684233
-10.5,6,1459.708008
12.3,80,1461.515029
-9.2,175,1463.605684
20.8,130,1465.497271
0.8,18,1465.571113
0.7,25,1467.031935
-0.1,41,1467.19702
63.9,191,1469.342609
22.3,45,1470.904254
21.3,203,1473.127464
-9.2,1-10.2,387,1476.809539
-10.2,15,1476.12.5,82,12.3,462,1484.21118
21.4,696,1493.781854
-10.7,8,1490.5,383,1497.215999
10.5,68,1497.485951
62.4,172,1500.932288
32.8,101,1501.332163
52.4,239,1504.971452
-9.5,50,1506.540581
-10.7,14,1506.59641
-9.5,6,1506.619-10.0,1899,1513.979916
1265.5,609,1515.86409
-1.0,1410.8,221,1517.610226
-10,1,1517.6-9.6,1173.5,260,1521.331.7,346,1523.4712744.2,548,1525.228116
1175.4,621,1532.71692353-10.1,68,1532.986221
22.7,157,1536.27445
12.4,57,1536.49154-20.1,71,1538.122974
-8.5,1244,1555.094387
42-9.6,1967,1566.105965
54.9,476,1573.385291
75.3,248,1577.083846
63.6,702,1586.601608
11.0,207,1590.085263
64.1,191,1593.536586
11.9,304,1597.468294
0.5,459,1603.329391
42.7,219,1606.885878
0.0,28,1606.996813
66.2,160,1610.363066
9.9,220,1612.60404
73.6,125,1614.460701
32.6,249,1618.150759
11.1,98,1619.886362
21.9,63,1621.485459
45.0,390,1627.109082
43.0,64,1627.368822
21.6,80,1629.044996
11.3,46,1629.23021
53.4,143,1631.176056
-10.4,1925,1659.143549
53.7,110,1660.943994
85.1,241,1664.649498
12.7,144,1666.693114
-9.9,8,1666.725004
0.3,149,1668.792099
64.6,114,1670.744404
0.9,53,1672.696088
11.7,72,1673.427942
42.2,102,1677.653061
22.6,40,1678.005294
52.6,251,1683.607238
-9.9,56,1685.936152
11.8,93,1686.344891
86.4,170,1690.74736
1.1,141,1693.097321
53.6,141,1695.056106
75.8,439,1700.994459
10.9,44,1702.527453
11.3,22,1702.619185
1.0,60,1702.875144
1.9,29,1704.348637
0.9,69,1704.636866
0.4,40,1704.798918
64.0,262,1709.917977
-9.2,9,1709.955745
21.8,380,1715.671141
117.3,346,1720.171899
21.2,46,1722.571232
-9.9,10,1722.641211
10.0,465,1731.363382
53.5,94,1733.97202
10.4,17,1734.096272
-9.6,17,1734.227409
1.3,271,1740.058691
86.4,184,1745.843879
11.2,47,1746.097155
32.8,69,1748.191563
64.4,212,1750.806333
94.9,232,1754.752282
20.2,66,1756.522843
11.4,39,1756.697295
31.3,56,1759.123692
75.6,231,1762.055907
-9.4,11,1762.119024
105.4,384,1768.397058
63.6,130,1770.379967
-8.7,306,1775.849885
42.3,271,1779.709771
117.3,210,1783.299992
64.5,239,1785.661738
74.0,195,1789.154372
11.0,793,1800.649788
-10,1,1800.654288
11.1,44,1802.686554
22.4,218,1805.451166
-10.1,288,1809.59748
73.2,335,1815.120507
10.3,12,1815.169837
11.0,19,1815.252945
85.7,187,1818.776375
106.5,319,1822.785844
86.0,346,1828.694214
76.4,149,1830.846911
-10.2,11,1830.890894
136.7,358,1837.424119
22.1,67,1839.45808
74.5,130,1841.621863
75.1,218,1844.563607
54.1,76,1846.303203
12.4,53,1846.531011
12.1,26,1846.637279
43.0,82,1848.350532
11.8,55,1849.949182
83.6,142,1851.916759
22.2,210,1854.166105
108.5,259,1858.00493
22.3,81,1859.707251
21.9,45,1859.889153
119.1,382,1865.54372
64.5,241,1869.270278
1.3,67,1870.917418
22.3,55,1871.13878
32.7,112,1872.955602
0.5,17,1873.025376
43.8,122,1874.881022
87.4,204,1878.497713
53.3,94,1878.886289
33.5,66,1880.51937
1.9,23,1880.609749
-10,1,1880.613863
42.2,62,1882.235191
51.2,121,1884.089652
115.2,277,1888.097809
0.7,11,1888.143251
97.4,203,1890.74739
77.5,158,1894.85948
-9.3,24,1894.958448
103.4,222,1898.601902
72.2,243,1900.987529
11.1,26,1902.512387
42.6,126,1904.774224
22.6,46,1904.967789
106.6,228,1908.646876
32.8,73,1908.949087
31.1,88,1910.69309
0.3,9,1910.731237
-10.1,8,1910.765558
1.2,38,1910.920383
22.1,35,1912.434915
126.5,231,1916.152857
22.8,64,1916.420425
10.3,366,1922.020425
106.5,291,1925.945241
11.6,59,1927.546409
65.2,152,1929.510745
-10.1,2,1929.519335
116.8,481,1937.032436
106.2,278,1941.057201
1.5,31,1941.185331
0.4,38,1941.340656
11.2,41,1942.901772
52.3,168,1945.055126
0.0,38,1945.253847
0.0,10,1945.302427
22.0,34,1947.567016
43.8,264,1953.011615
62.6,122,1955.233593
12.2,57,1955.493802
74.0,215,1959.699196
42.1,151,1962.01251
21.4,54,1962.273903
105.1,199,1966.443287
33.0,223,1970.689824
82.8,190,1973.289275
1.4,30,1973.431192
94.6,801,1989.041239
-10.6,23,1989.152516
-9.1,144,1991.442837
84.4,102,1993.567655
-10.0,3,1993.580817
106.3,363,2000.052768
63.8,270,2004.518675
1.0,26,2004.657352
1.6,18,2004.739808
32.1,88,2006.734695
44.1,123,2008.902831
53.5,210,2011.508226
105.7,219,2015.715396
149.3,541,2024.632526
-8.8,41,2026.428167
53.9,86,2026.850917
117.5,260,2031.254775
130.8,210,2035.446032
0.1,3,2035.458782
63.7,99,2037.501992
64.7,147,2039.778688
11.0,35,2039.946832
138.6,315,2046.404127
20.8,50,2046.624896
129.5,393,2053.233148
-8.9,18,2053.319111
53.4,107,2055.400141
-10.4,9,2055.447503
148.0,324,2061.771023
43.5,149,2064.053402
41.9,541,2072.893129
10.9,46,2073.119322
32.6,53,2074.942037
10.7,60,2075.220976
-9.6,23,2075.325743
-9.3,16,2076.964116
1.3,29,2077.108199
53.7,86,2077.527344
11.2,83,2079.493344
1.6,42,2079.697195
65.8,88,2081.689254
0.4,28,2081.814951
116.0,249,2086.168917
10.6,11,2086.216136
10.1,26,2087.905856
128.4,224,2090.527259
11.4,109,2092.625745
32.0,187,2096.67778
-10.2,3,2096.692008
62.8,86,2097.096682
84.7,165,2101.038503
21.3,59,2101.333565
12.8,61,2103.213856
-9.6,5,2103.234453
83.5,179,2105.693461
43.3,141,2107.940957
119.8,259,2112.30586
10.9,24,2112.4213
52.6,261,2116.803778
127.4,246,2121.193835
116.9,302,2127.360301
12.1,104,2127.875083
43.0,110,2129.986449
129.7,403,2136.638225
54.1,146,2140.50021
2.2,62,2140.788956
106.5,187,2144.815076
43.2,60,2145.115724
85.5,227,2149.348743
63.8,108,2151.431049
43.6,260,2155.831919
0.8,40,2156.025076
-9.5,14,2156.09282
149.2,406,2162.727272
1.0,18,2162.815955
11.8,77,2164.769614
67.1,193,2167.249938
97.6,457,2175.702887
128.1,195,2179.750557
54.1,116,2180.314842
117.7,246,2184.658598
11.5,50,2186.45252
-10.0,73,2186.807412
54.2,93,2188.80872
33.0,97,2190.872008
107.1,155,2193.173795
129.0,364,2199.743079
0.6,32,2199.900394
42.7,113,2201.919482
21.7,37,2202.08121
43.4,366,2209.629554
119.6,301,2215.850337
178.7,320,2220.632042
0.5,19,2220.737054
127.7,267,2225.190663
12.1,60,2227.054799
1.2,26,2227.181703
11.7,94,2229.234186
31.2,101,2229.728327
86.6,160,2233.733977
85.7,151,2236.042107
41.6,62,2236.343251
96.6,283,2242.531343
21.0,82,2242.912722
42.8,286,2247.520382
22.8,180,2251.537718
106.0,164,2253.913626
63.7,107,2256.049968
65.4,118,2258.196509
72.8,121,2260.404705
108.2,172,2262.788524
116.8,229,2267.09794
-9.7,92,2269.204781
12.0,63,2269.502153
95.5,176,2273.547307
94.1,182,2276.082086
-10.5,14,2276.150552
21.1,47,2276.428099
64.8,138,2280.336594
32.6,87,2280.780105
32.5,76,2282.724758
128.2,242,2287.055976
1.0,12,2287.113536
54.2,105,2289.190169
12.4,59,2289.469751
33.6,87,2291.527014
64.4,110,2293.652495
83.9,169,2296.01362
41.4,58,2296.289228
21.5,39,2298.066787
-9.2,21,2298.168498
21.4,60,2298.454599
-10.2,19,2298.543969
41.9,129,2300.790021
95.3,266,2306.799257
127.6,390,2313.377451
126.5,421,2320.054948
20.3,219,2324.323845
106.2,136,2326.537205
52.2,127,2328.741233
11.5,20,2328.838548
-10.6,25,2328.954732
10.2,23,2329.06583
66.8,94,2331.088391
0.9,41,2331.288131
76.7,156,2333.589249
97.3,172,2337.574816
106.3,151,2339.899155
31.9,62,2340.20345
138.3,248,2344.522848
93.9,132,2346.722319
11.5,38,2348.48715
63.4,100,2350.615952
-9.5,8,2350.651224
105.0,242,2353.361935
105.4,320,2359.910763
221.2,489,2368.753558
21.5,111,2370.940738
21.9,151,2373.323873
161.2,319,2378.022052
137.8,287,2384.178771
-10.6,225,2386.815628
116.5,506,2395.605219
108.2,204,2399.745928
11.6,45,2399.949605
34.4,95,2402.031842
21.1,43,2402.235354
157.5,304,2408.599407
1.3,17,2408.684892
86.0,166,2411.116002
53.8,111,2413.267269
44.4,104,2415.349158
32.5,64,2415.65622
96.3,198,2419.820807
109.6,306,2424.39556
54.1,258,2428.81449
22.5,39,2430.603229
44.6,98,2431.08583
-9.3,12,2431.145436
1.5,27,2432.895052
117.7,358,2437.896683
136.9,458,2446.615487
-9.9,162,2449.036172
104.9,215,2453.263128
96.3,154,2455.601073
65.1,129,2457.809727
21.6,60,2459.685773
0.1,23,2459.799226
-10,1,2459.803593
87.3,259,2464.288953
42.5,93,2466.332682
22.0,48,2466.557239
64.6,92,2468.575073
96.5,490,2475.701013
-9.7,14,2477.395647
2.0,86,2477.823135
126.1,227,2482.133623
104.4,274,2486.600441
85.0,170,2490.682018
85.3,157,2493.048177
22.9,47,2493.310244
-9.8,3,2493.322872
-9.6,29,2493.47603
32.0,129,2495.689138
43.3,141,2498.002162
140.0,357,2505.643967
127.9,213,2510.875582
139.1,264,2515.520285
11.3,58,2515.801444
54.3,332,2522.291577
94.9,404,2529.160301
-10.3,6,2529.189503
95.6,273,2533.773804
139.6,555,2544.595342
-9.6,27,2544.726354
72.8,525,2553.855237
75.6,401,2560.733322
-9.3,8,2560.77399
-9.4,9,2560.814957
-0.8,54,2562.607953
23.1,105,2564.623262
84.0,164,2566.917546
146.3,365,2573.3197
95.6,315,2578.838669
105.3,265,2584.193236
85.5,1195,2608.320459
-9.3,24,2608.436589
44.3,95,2608.907318
204.4,527,2619.408467
95.2,185,2621.861562
1.0,16,2621.945289
21.6,36,2622.122308
159.9,218,2626.465766
97.6,153,2628.827533
148.8,216,2633.124213
1.2,50,2633.363464
34.5,54,2635.279973
-10.6,7,2635.319503
-9.3,18,2635.417696
43.0,102,2637.521738
63.8,220,2641.853193
86.7,231,2644.621514
96.7,176,2648.749377
32.5,66,2649.083721
95.9,202,2654.681496
64.1,155,2657.403768
64.4,198,2661.58638
54.5,184,2664.382138
21.6,54,2664.721686
1.1,51,2667.250896
64.0,262,2672.150333
0.4,114,2674.326533
22.4,38,2674.517811
0.8,14,2674.585991
53.9,152,2676.92881
21.2,42,2678.822953
33.0,159,2681.219742
22.0,62,2681.519092
1.0,12,2683.190588
53.7,194,2685.733693
-9.4,7,2685.766179
65.5,155,2688.149745
203.8,565,2699.023997
137.4,153,2701.409038
96.1,250,2706.588178
10.9,48,2706.816411
11.2,163,2709.436862
-9.7,34,2711.246545
22.5,87,2711.692155
-8.9,18,2713.468082
84.9,269,2718.015422
1.0,30,2718.167033
156.5,334,2724.724185
53.8,139,2727.046495
0.8,22,2727.150656
11.1,44,2727.359009
107.5,431,2735.681434
214.2,460,2745.667476
127.8,238,2750.125998
21.4,50,2750.366424
74.1,96,2752.480157
72.7,218,2757.006406
32.6,83,2757.427727
1.3,21,2759.122935
1.2,18,2759.216036
-10.4,17,2759.301078
22.5,81,2761.294978
0.6,36,2761.480531
42.1,59,2761.794142
1.0,72,2763.629629
20.0,34,2763.780244
32.1,72,2765.61846
-9.1,10,2765.665066
65.1,173,2767.969062
148.2,348,2774.89033
148.2,238,2778.798584
0.5,37,2778.960087
83.7,187,2781.31689
-9.7,16,2782.922556
203.2,307,2787.21803
86.6,246,2791.416741
190.0,396,2798.244902
32.6,73,2800.297186
55.0,97,2800.795271
52.6,79,2803.403618
-9.5,16,2803.487977
21.5,55,2803.737738
116.5,246,2808.319098
127.1,263,2812.365349
106.5,213,2816.084452
149.4,194,2820.039632
141.0,243,2822.42859
53.7,94,2824.150323
33.1,58,2825.836215
108.6,190,2828.09901
85.9,305,2833.484617
86.7,157,2835.494984
63.4,120,2837.352276
-9.8,5,2837.372976
23.1,47,2837.566242
32.7,84,2839.264863
43.2,56,2839.504696
22.3,57,2841.100634
148.6,284,2844.971657
-9.6,31,2845.100934
148.0,374,2850.708609
32.3,430,2856.613363
21.8,58,2858.203951
12.2,31,2858.324768
97.1,196,2861.885988
52.6,115,2863.727713
67.0,164,2865.763442
104.8,322,2869.792752
97.1,224,2873.436094
98.5,252,2877.204049
127.4,312,2881.170339
201.3,288,2886.399278
0.9,27,2886.506735
118.6,279,2890.352247
32.8,57,2891.952682
106.2,364,2897.806549
-10.2,17,2899.228636
128.8,320,2903.24266
0.6,34,2903.380174
150.2,350,2908.867238
44.0,72,2910.520351
0.6,50,2910.722988
0.5,37,2910.869511
21.3,63,2912.493052
-10.3,4,2912.509618
85.1,247,2916.212532
172.6,364,2921.75585
42.9,71,2922.04114810107.9,325,2927.4199479495.9,200,2929.605427
33.9,100,2931.3727311543.8,86,2933.082319453.9,76,2933.386268105.1,207,2935.332581
42.5,101,2937.03575596.6,377,2943.430121
232.9,661,2954.074149
158.2,259,2957.823477
-10,1,2957.827745
32.3,80,2959.521784
64.2,112,2961.366058
117.1,338,2965.430538
127.2,232,2969.126331
-9.6,13,2969.181041
200.2,445,2976.407004
54.8,81,2976.734228
73.4,263,2980.561687
42.7,71,2982.2051
-9.8,3,2982.217741
-9.1,14,2982.274078
-10,1,2982.278532
-9.1,10,296.3,264,2984.060551
66.0,222,29159.4,317,2987.75589
32.4,73,29853.4,129,295.7,142,298198.4,561,2997.301064
75.6,123,2999.158336
150.1,255,3002.898036
54.5,192,3005.025308
86.1,209,3008.602469
77.0,19137.0,725,3016.153805
138.1,228,3019.81656
167.0,396,3025.520667
52.4,117,3027.366811
201.7,582,3036.523393
126.8,328,3040.562645
75.0,149,3042.540964
-0.1,31,3044.031665
1.3,15,3044.098307
137.8,205,3046.324189
53.1,90,3048.07065
117.6,175,3050.130592
148.5,233,3053.77543
0.3,5,3053.795086
117.0,187,3057.297281
146.1,1075,3072.438518
107.7,209,3076.002892
96.7,150,3077.961003
109.1,145,3079.896167
85.5,105,3081.697043
162.6,241,3085.376891
-10,1,3085.381113
10.9,16,3085.445573
20.8,36,3085.593842
-8.7,14,3085.65143
108.3,257,3089.441403
149.2,336,3094.90526
53.3,98,3096.671073
43.1,59,3096.913102
-10.2,25,3097.017614
65.5,189,3100.501836
2.4,26,3100.610126
-9.6,17,3100.679585
0.8,228,3104.332796
119.7,244,3108.049188
-10.4,59,3108.288148
106.4,158,3110.292688
64.8,144,31191.7,445,3117.2,245,3116.043405
32.0,69,3117.713338
137.7,388,3123.358149
31.5,134,3125.248224
-9.4,17,3125.315162
0.3,7,3125.343065
-9.7,4,3125.359237
-9.7,10,3125.73.3,134126.2,206,3128180.2,253,3130.622251
76.5,106,3131.058346
107.8,388,3136.741345
201.6,383,3142.399656
12.4,39,3143.907186
76.8,227,3147.566657
-10.2,9,3147.607133
32.1,84,3147.936123
148.2,242,3151.594129
170.3,257,3155.380149
55.5,210,3158.969594
33.1,84,3159.311179
75.1,110,3161.112624
0.8,36,3162.617347
65.2,86,3162.960305
128.2,224,3166.571179
54.1,110,3168.366423
0.170.0,334,3170.371428
31.7,56,3171.9187.0,3169.6,318,3176.0201.6,295,3179.544118
94.6,1107.8,330,3183.183.1,298,3185.518391
74.7,202,3189.05012
96.4,151,3191.031759
224.3,358,3196.572538
21.4,20,3196.653712
11.3,26,3196.759001
22.4,78,3198.43134
179.8,249,3202.210554
63.2,122,3204.063895
145.9,167,3206.080435
-9.4,31,3206.196224
-9.7,46,3207.753945
73.6,161,3209.810817
51.8,109,3211.607393
-9.8,3,3211.620672
214.2,336,3215.701392
11.5,32,3217.180246
148.6,236,3219.486119
138.3,304,3224.785335
64.9,123,3226.62835
128.4,216,3222.3,415,3230.454243
107.4,166,3232.478136
1.8,22,3232.566776
-9.9,12,3231.3,132,3234.397276
22.2,54,3235.977358
126.5,221,3238.232072
126.5,179,3241.741293
21.4,38,3241.89531
0.7,37,135.8,231,324128.8,214,3245.638801
51.9,98,3247.401717
85.9,321,3251.393128
73.4,91,3253.1057
1.1,23,3253.31.8,67137.5,224,3256.89678
105.6,134,3258.816445
93.2,137,3260.735013
139.1,212,3264.321992
74.2,243,3268.050201
149.4,234,3270.366951
83.2,90,3272.097253
86.6,138,3274.062514
83.1,227,3277.665043
22.6,32,3277.797662
22.5,77,3279.464289
87.3,135,3281.37561
186.2,321,3285.348134
167.8,224,3288.941031
94.9,134,3290.863559
253.0,374,3296.439521
42.3,55,3298.019507
33.3,102,3298.428427
157.9,390,3304.036581
32.2,83,3305.732675
118.6,219,3309.341343
151.0,264,3313.097036
97.7,248,3316.801257
170.0,322,3320.80571
22.1,43,3322.344548
33.8,107,3322.786339
31.8,133,3326.03529
43.4,76,3326.346894
105.1,191,3329.848061
159.1,218,3332.093235
94.4,157,3335.474825
96.8,123,3335.988646
22.6,64,3337.664776
54.6,83,3339.380592
86.0,170,3341.419582
116.0,875,3354.558772
137.2,351,3360.034751
150.3,333,3364.189198
140.0,209,3367.840778
97.9,168,3369.95028
10.9,32,3370.083316
12.2,25,3371.535967
74.9,270,3375.662895
104.7,279,3380.008782
146.8,304,3384.109908
-9.3,22,3384.233768
128.6,244,3391.751743
53.6,87,3394.221736
160.5,528,3405.35284
140.2,361,3411.534516
169.3,375,3418.788257
117.8,153,3421.631121
63.8,200,3425.592473
10.4,49,3425.881146
45.2,66,3426.161492
23.2,40,3427.772241
86.8,162,3429.815051
-10.2,75,3431.479234
147.2,448,3437.506404
0.4,32,3437.641129
-9.0,245,3441.37694
-10.0,3,3441.389369
-9.5,8,3441.42177
63.9,195,3445.011261
0.9,27,3445.129638
-10.2,3,3445.141958
172.8,336,3451.035053
-9.6,15,3451.104289
119.1,306,3456.18785
117.4,201,3459.846635
98.0,175,3461.953338
63.1,261,3465.779486
1.7,29,3465.897534
43.2,68,3467.542605
-10,1,3467.547027
21.3,95,3469.294736
108.3,279,3473.137953
-10.6,23,3473.229511
222.1,376,3478.810767
-10.1,2,3478.820584
-10,1,3478.82595
129.6,204,3482.506422
31.7,106,3485.192198
0.4,28,3485.352198
128.2,180,3488.222491
75.7,248,3492.331873
56.0,107,3494.220915
-9.8,13,3494.273614
158.7,236,3498.946088
42.4,68,3499.390065
138.0,281,3506.248056
181.4,247,3510.227776
75.9,166,3512.871051
86.9,199,3515.714747
170.6,310,3521.95992
64.8,94,3523.779604
42.6,86,3524.131654
66.2,176,3527.862756
108.1,185,3530.187156
20.9,17,3530.258466
-9.8,3,3530.271579
76.8,173,3534.079165
21.4,66,3534.379512
128.1,289,3538.326913
41.6,50,3540.164579
21.6,38,3540.356622
53.3,342,3546.377801
179.0,265,3550.760151
1.3,15,3550.821502
158.1,352,3556.680623
32.9,44,3556.878317
149.5,263,3561.132913
204.2,359,3566.869159
92.8,161,3568.887284
10.3,68,3570.516814
11.3,42,3570.683075
125.1,177,3572.752607
2.1,49,3574.31538
106.5,145,3576.327421
62.6,126,3578.189645
1.2,42,3578.358211
93.8,125,3580.22682
117.7,180,3583.778617
0.3,5,3583.80099
86.6,132,3585.827678
54.6,77,3586.157882
21.8,72,3587.987021
135.8,237,3591.995885
0,2,3592.004545
126.2,226,3594.510375
170.6,162,3598.151294
64.7,123,3600.058548
20.8,62,3600.321214
21.1,41,3600.49976
0.3,43,3602.222298
83.6,128,3604.2109
117.6,141,3606.23027
169.0,312,3610.786132
76.3,160,3614.466031
33.4,69,3614.765885
107.0,154,3617.293328
-10.2,3,3617.313581
117.8,201,3621.394044
-9.5,14,3621.451312
23.3,45,3621.649203
191.0,392,3627.405708
171.8,522,3635.669883
64.1,103,3637.675343
-10.2,133,3639.693963
10.1,58,3641.637997
-9.7,10,3641.678894
160.7,462,3647.842956
73.6,129,3650.173098
208.3,553,3662.283504
128.3,223,3666.050996
108.0,146,3668.036096
200.9,426,3673.960263
33.5,278,3677.930367
235.2,454,3685.698484
64.8,90,3686.130517
11.4,17,3687.683098
135.1,190,3690.02649
32.1,74,3691.765716
21.1,57,3692.007131
63.0,126,3694.212487
149.8,234,3698.739921
83.0,154,3700.767385
97.3,274,3704.906789
105.2,178,3708.528481
96.4,175,3710.627283
42.2,92,3712.463805
74.2,131,3714.503653
2.0,42,3714.69159
74.8,135,3716.67274
116.6,159,3718.692818
108.3,211,3722.713031
0.7,9,3722.75027
43.8,78,3724.448992
93.3,156,3726.568631
43.4,88,3728.443756
221.0,435,3734.686531
149.7,249,3738.764588
53.9,92,3740.65123
168.9,397,3746.663446
42.3,169,3748.738577
54.6,107,3750.747134
23.0,80,3752.519296
169.7,235,3754.914954
224.1,370,3760.521122
117.0,185,3763.997977
116.4,227,3766.392985
11.9,64,3768.09764
53.1,166,3770.187707
128.7,203,3773.927401
188.1,333,3778.54355
11.2,39,3780.668514
191.9,399,3788.332958
95.9,144,3790.468733
75.0,81,3792.224116
96.6,123,3794.267973
32.0,59,3794.536812
43.0,68,3796.194771
73.7,158,3798.232291
32.2,91,3799.967393
114.9,230,3802.286337
64.1,75,3803.96917
44.1,275,3807.961528
12.0,89,3809.824208
137.7,242,3813.685097
104.3,143,3815.788001
1.1,39,3815.955125
130.6,258,3819.873692
42.7,67,3821.5745
116.3,156,3823.675161
73.2,95,3825.434692
84.9,111,3825.924675
73.7,364,3831.609143
179.7,304,3837.110267
85.1,131,3839.112612
-9.6,5,3839.141289
147.1,275,3843.076484
21.2,90,3844.877919
169.2,306,3848.942616
-8.8,21,3849.032426
1.2,22,3849.125366
74.8,149,3851.321594
67.1,131,3853.615395
127.5,167,3857.059381
-9.8,51,3857.275471
-10.5,38,3857.433236
180.5,488,3865.173525
22.4,74,3866.896493
200.1,314,3870.991847
1.1,43,3872.577307
75.9,154,3874.67873
137.6,231,3878.435988
212.3,383,3884.270977
41.9,95,3884.680831
166.4,214,3888.420074
160.8,279,3892.42713
105.5,139,3894.50314
41.8,56,3896.149154
139.4,209,3898.511506
136.2,171,3902.101689
161.8,331,3906.325291
150.3,343,3912.014675
242.1,306,3916.058458
22.8,70,3917.758307
-10,1,3917.762779
202.3,394,3923.752179
193.1,435,3929.812945
11.9,200,3933.429746
158.7,232,3937.190702
11.3,30,3937.312793
66.0,224,3940.961902
0.7,65,3941.226879
0.8,66,3942.881698
125.9,259,3946.787512
201.6,299,3950.861381
223.2,557,3960.237602
107.2,288,3964.36683
3917.932793
235.9,365,3923.791452
170.4,306,3929.266867
52.4,125,3931.229704
42.4,102,3931.6619
64.1,167,3935.138188
22.3,67,3935.413777
1.5,21,3935.509529
116.2,195,3939.080768
136.8,547,3946.912823
0.4,24,3947.015418
33.3,124,3948.946829
34.1,52,3950.551213
87.6,158,3952.682505
-9.5,6,3952.710526
1.4,28,3952.8433
-9.7,46,3954.436038
116.8,213,3956.746457
53.8,129,3958.678447
192.4,334,3964.361955
11.0,59,3964.610744
8,3884.300469
116.2,177,3886.449234
66.3,113,3888.370199
11.6,21,3888.461892
148.4,270,3892.427304
95.2,125,3894.442505
86.0,200,3898.175117
179.0,309,3902.350681
84.5,141,3904.375594
137.7,340,3910.029688
147.3,221,3913.776099
190.2,428,3919.782724
53.5,100,3921.624244
126.8,264,3925.610927
32.6,157,3927.659179
137.0,309,3933.177428
9.8,31,3933.309215
62.6,108,3935.151761
52.2,77,3935.474509
95.1,184,3939.001285
82.5,141,3940.936988
-9.1,12,3940.986159
31.5,290,3944.979236
40.6,132,3946.954196
149.9,293,3950.996325
201.7,362,3956.801631
11.1,102,3958.622582
11.5,48,3958.819294
44.4,138,3962.196835
96.2,169,3964.393866
-10.0,19,3964.475788
108,3874.674199
42.6,104,3876.501408
151.0,246,3880.330392
0.9,17,3880.408715
95.1,124,3882.339491
77.1,190,3884.559235
64.9,119,3886.452766
10.7,16,3886.523537
63.8,162,3890.061588
96.6,139,3892.059473
158.6,225,3894.503434
42.5,111,3896.413199
32.3,92,3898.245292
23.1,75,3900.011609
42.8,124,3900.542685
63.5,157,3904.041344
146.6,198,3906.28334
43.8,168,3909.806885
106.5,169,3911.941672
44.2,96,3913.746548
33.2,57,3913.988118
128.5,269,3917.891131
0.2,48,3919.494235
193.0,372,3923.98634
31.7,86,3925.751719
0.6,134,3927.699332
53.5,96,3929.511203
158.7,228,3933.283494
53.6,215,3935.583872
43.4,150,3938.954543
-9.4,9,3938.99434
0.8,84,3939.347779
159.5,348,3944.925958
33.1,66,3946.622043
226.1,412,3952.610687
21.6,34,3952.768896
54.7,116,3954.681118
105.8,176,3956.822088
74.8,149,3958.836096
66.5,257,3962.763019
