#{"t_start": 1553778721.2222703, "env_id": "Snake-v0"}
r,l,t
-10,22,1.694184
-10,15,1.760905
-10,2,1.770056
-10,9,1.810316
-10,8,1.847614
-10,1,1.851643
-10,12,1.902103
0,19,1.991802
-10,18,2.072342
-10,8,2.106241-1-10,30,4.012672-10,14,4.036706
--10,16,4.089535
-10,1,4.09460-10-10,6,4.12257-10-10,17,4.195071
-10,15,4.26380,38,4.354589
-10,1,4.35901
-10,30,4.503467
-10,8,5.88696
-10,14,5.950116
-10,2,5.958607
-10,21,6.050744
-10,1,6.055232
-10,4,6.073165
-10,2,6.08143-10-10,25,6.189583
-10,6,6.215687
-10,4,6.232658
-10,9,6.270762
-10,12,6.324678
0,26,7.795898
-10,8,7.83256
0,20,7.920347
-10,3,7.93373
-10,5,7.9-10,40,7.971963
10,47,8.171306
-10,6,8.196645
-10,20,8.284559
-10,13,9.71977
-10,1,9.724211
-10,14,9.79109
-10,21,9.882512
-10,3,9.896591
-10,5,9.919688
-10,7,9.950593
-10,1,9.956286
-10,2,9.966448
-10,5,9.987559
-10,6,10.015085
-10,2,10.10,34,10.161843
-10,5,10.183777
0,10,10.22899
-10,1,10.233769
-10,14,10.296683
-10,4,11.703902
-10,2,11.7-10,25,11.764339
-10,27,11.876842
-10,39,12.042249
-10,2,12.05233
-10,7,12.081485
-10,1,12.086469
-10,3,12.099152
-10,14,12.161796
-10,4,12.178628
-10,3,12.19252
-1-10,24,13.691607
-10,9,13.728595
-10,2,13.737928
0,13,13.796014
-10,25,13.900586
-10,4,13.917164
-10,8,13.951948
-10,8,13.985254
-10,4,14.00-10,16-10,2,14.012-10,7,14.027709
-10,7,14.058867
-10,7,14.088103
-10,2,14.096556
-10,7,14.125747
-10,27,15.612315
-10,52,15.85276
-10,40,16.023588
-10,3,16.03581
-10,20,16.123438
-10,13,17.535321
-10,4,17.554868
-10,12,17.603353
-10,7,17.632979
-10,16,17.700779
-10,10,17.743347
-10,2,17.751227
-10,4,17.76767
10,16,17.835995
-10,34,17.984349
-10,6,18.009874
-10,3,18.023403
0,6,19.404477
-10,8,19.444249
-10,3,19.45838
-10,1,19.463112
-10,2,19.473072
-10,1,19.478421
-10,20,19.568684
0,8,19.603189
-10,1,19.607402
-10,16,19.678379
-10,4,19.697573
-10,3,19.711881
-10,2,19.720364
-10,6,19.745512
-10,3,19.759064
-10,60,21.618522
-10,14,21.682328
-10,12,21.73356
-10,12,21.783858
-10,52,22.009319
-10,40,23.592392
0,32,23.737561
-10,17,23.812048
-10,4,23.829106
-10,5,23.856059
-10,11,23.901965
-10,5,23.92312
-10,3,23.936825
0,9,23.978609
-10,4,23.995776
0,19,24.090719
-10,12,25.512196
-10,13,25.570242
-10,4,25.587651
-10,18,25.664209
-10,8,25.696939
-10,8,25.729597
-10,12,25.782805
-10,8,25.817216
-10,1,25.822532
-10,4,25.840768
-10,1,25.845243
-10,5,25.867229
-10,5,25.88897
-10,1,25.894728
0,15,25.957283
-10,16,26.026489
-10,3,27.513165
-10,33,27.659534
0,9,27.698238
-10,13,27.753809
-10,12,27.804192
-10,16,27.8715
-10,5,27.893412
-10,6,27.921346
-10,2,27.929973
-10,11,27.97651
-10,2,27.985797
-10,3,27.998258
-10,17,29.438242
-10,13,29.517619
0,7,29.546194
0,6,29.57232
10,24,29.677785
0,26,29.832293
0,44,30.057614
-10,28,31.617553
-10,18,31.701652
-10,9,31.742449
-10,15,31.806705
-10,6,31.833916
-10,1,31.838948
-10,9,31.876181
-10,1,31.880513
-10,3,31.894942
-10,1,31.899346
-10,2,31.908293
-10,1,31.913326
0,20,32.004215
-10,7,32.034384
-10,12,33.712008
-10,24,33.841935
-10,1,33.847826
-10,4,33.87156
-10,1,33.878345
-10,3,33.894234
-10,12,33.955232
10,16,34.040251
-10,16,34.126827
0,15,34.210341
-10,3,34.224932
-10,2,34.234312
-10,9,34.279751
-10,9,34.321543
-10,7,34.356684
-10,8,36.352493
-10,29,36.545626
-10,17,36.644895
-10,24,36.77766
-10,1,36.782511
-10,3,36.799005
-10,15,36.871739
-10,34,37.050996
-10,5,38.819054
-10,8,38.858199
-10,1,38.864152
-10,12,38.924719
-10,8,38.96662
-10,4,38.986565
0,27,39.119205
-10,2,39.131687
-10,1,39.137242
-10,17,39.228687
-10,2,39.24167
-10,33,39.454134
-10,11,41.258793
-10,17,41.340449
-10,2,41.350408
-10,12,41.408725
-10,3,41.423808
-10,43,41.625875
-10,10,41.673176
-10,2,41.68412
-10,8,41.723534
-10,2,41.733515
-10,11,41.788331
-10,3,41.802151
-10,8,41.84155
-10,3,41.855442
0,15,43.42196
-10,30,43.550873
-10,1,43.555419
-10,19,43.638342
-10,6,43.664161
-10,6,43.689732
-10,28,43.813547
-10,8,43.849304
-10,85,45.571093
0,5,45.592405
-10,15,45.657622
-10,11,45.704463
-10,13,45.758681
-10,12,45.808662
-10,5,45.829973
-10,11,47.2541
0,44,47.450423
-10,38,47.619723
-10,1,47.62404
-10,7,47.654182
-10,10,47.701833
0,10,47.744043
-10,23,49.190436
-10,7,49.219458
-10,2,49.227381
-10,17,49.300122
-10,16,49.367679
-10,16,49.435174
-10,5,49.456692
0,48,49.657773
-10,2,51.004581
-10,10,51.046958
10,39,51.214509
20,116,53.049655
-10,33,53.187226
-10,35,53.336194
0,25,54.777632
-10,14,54.835672
-10,5,54.856419
-10,3,54.868675
-10,9,54.906877
-10,37,55.063313
-10,2,55.072504
-10,19,55.148475
-10,9,55.186056
-10,7,55.215111
-10,11,55.259567
-10,1,55.264093
-10,1,55.269137
-10,1,55.273538
-10,46,57.201514
-10,19,57.32615
-10,2,57.338478
-10,5,57.362773
0,9,57.403598
-10,6,57.438676
-10,17,57.536681
-10,1,57.544325
-10,16,57.643793
-10,15,59.476404
-10,4,59.497055
-10,5,59.521962
-10,13,59.588399
-10,27,59.716736
-10,4,59.735649
-10,3,59.749868
-10,1,59.754975
0,10,59.802102
-10,21,59.913621
10,27,60.04575
-10,2,60.054369
-10,12,61.836403
-10,15,61.911353
-10,22,62.017632
-10,16,62.092588
-10,7,62.125996
-10,47,62.34922
-10,22,64.170738
-10,21,64.270243
0,15,64.340039
-10,8,64.379979
-10,3,64.394665
-10,1,64.399797
-10,56,64.668082
-10,4,64.687064
-10,9,64.729541
-10,19,66.54291
-10,1,66.54873
-10,3,66.563076
-10,1,66.568131
-10,34,66.727681
-10,19,66.819174
-10,5,66.84265
-10,2,66.852218
-10,10,66.899674
-10,5,66.923377
-10,19,67.014757
0,33,69.202618
-10,16,69.278403
-10,11,69.331218
-10,6,69.360945
-10,2,69.371248
-10,20,69.470098
0,18,69.554425
-10,1,69.559239
-10,14,69.624863
-10,16,69.702211
-10,10,71.76114
-10,24,71.924422
-10,1,71.931421
-10,4,71.965066
-10,2,71.97921
-10,43,72.261518
-10,6,72.296823
-10,15,72.381995
-10,2,72.392344
-10,9,72.44222
-10,4,72.467649
-10,5,72.500751
0,17,75.215752
-10,24,75.365721
-10,1,75.374292
-10,14,75.461368
-10,10,75.519724
-10,31,75.723655
-10,10,75.784382
-10,2,75.796862
-10,11,75.868658
-10,18,75.980235
0,13,78.637482
-10,16,78.737482
-10,8,78.786793
-10,10,59,79.069271
-10,23,79.212571
-10,8,79.260951
-10,20,82.041371
-10,20,82.181289
-10,3,82.198566
-10,1,82.20523
-10,11,82.2-10,78,82.599052
-10,9,82.660289
-10,8,82.712512
0,10,82.77583
-10,10,82.842901
-10,2,85.572685
-10,7,85.641467
-10,1,85.-10,37,85.846345
-10,1,85.852185
-10,4,85.88703
-10,20,86.040834
-10,31,8-10,59,86.332021
-10,83,89.629485
-10,2,89.640683
-10,1,89.645708
-10,2,89.660609
-10,6,89.699129
-10,71,92.551557
-10,50,92.97102
-10,11,93.03852
-10,15,93.133697
-10,6,93.172774
-10,21,93.300858
-10,3,93.319328
-10,126,96.626366
-10,15,96.720031
-10,2,96.734177
-10,11,99.17573
-10,11,99.289774
-10,37,99.641008
-10,3,99.660504
-10,1,99.667181
0,54,100.003768
-10,23,102.538523
-10,51,103.015167
-10,68,103.433855
-10,27,106.110011
-10,3,106.133362
-10,6,106.186271
-10,1,106.194364
-10,3,106.220983
-10,7,106.286642
-10,5,106.333585
-10,79,109.15879
-10,54,109.673935
-10,21,109.832589
-10,29,110.015117
-10,51,112.805565
-10,6,112.850394
-10,76,113.453619
-10,1,113.460062
-10,36,116.051489
-10,70,116.711619
-10,39,119.133133
-10,19,119.322093
0,36,119.686753
-10,13,119.789541
-10,10,119.871598
0,74,122.656825
-10,58,123.203116
-10,22,123.413109
-10,3,123.438918
-10,4,123.468745
-10,27,125.892831
-10,13,126.002561
-10,10,126.099605
-10,1,126.107669
-10,1,126.118633
-10,15,126.251604
-10,14,126.39357
-10,23,126.615759
-10,78,129.464716
-10,22,129.661915
-10,34,129.974272
0,82,132.763995
-10,25,132.991906
-10,13,133.10989
-10,28,133.389375
-10,2,133.408286
-10,25,135.712063
10,104,136.705805
-10,11,136.810673
0,93,139.714568
-10,2,139.731854
-10,10,139.814588
-10,46,142.369357
-10,49,142.859785
-10,1,142.868074
-10,2,142.895055
-10,12,143.014925
-10,12,143.149504
-10,22,143.346086
-10,37,145.83423
-10,16,145.974174
-10,12,146.085447
-10,17,146.246072
-10,47,146.69625
-10,124,149.953143
-10,113,153.097826
-10,23,153.300423
-10,27,155.674136
-10,10,155.748557
-10,21,155.922776
-10,37,156.289539
-10,8,156.36585
-10,95,159.413268
-10,4,159.464156
-10,197,165.467993
-10,6,165.521599
-10,81,166.257506
-10,79,169.095247
-10,36,169.431518
-10,54,171.997022
-10,1,172.00417
-10,2,172.022931
-10,31,172.312021
-10,9,172.393473
-10,25,172.619226
-10,185,178.578944
-10,6,178.631047
-10,43,179.036978
-10,15,179.172197
0,81,182.009483
-10,80,182.673944
-10,18,182.861492
-10,133,188.20269
-10,2,188.224052
-10,1,188.231093
-10,140,191.559566
-10,24,191.76239
-10,187,195.648081
-10,47,198.103468
-10,606,212.262707
-10,3,212.284665
-10,1,212.291764
-10,4,212.335397
0,126,215.721908
-10,5,215.765292
20,142,221.504092
-10,409,231.944431
0,167,235.605902
0,149,239.789768
0,42,242.543394
-10,72,243.098677
-10,2,243.121628
20,115,246.324943
10,93,249.7154
-10,4,249.7504320,-10,358,260.252664
-10,139,263.6062-10,-10,522,277.009016
-10,9,277.085124
-10,43,277.48-10,1876,325.888139
30,1145,356.993798
30,207,363.240225
0,16,363.336305
-10,329,373.101183
10,160,376.721576
-10,182,380.601404
-10,1942,433.662631
-10,16,433.765853
-10,3,433.782078
-10,5,433.814092
-10,4,433.838436
-10,376,443.944347
-10,28,444.115504
-10,350,454.057136
-10,1,454.063387
-10,11,454.127819
-10,100,457.263559
-10,45,457.545103
-10,416,467.829383
-10,117,471.048712
-10,3,471.078208
-10,829,497.573371
0,150,501.272274
-10,25,501.538014
-10,404,511.768101
0,705,533.551803
10,767,554.835427
0,491,565.744243
-10,11,568.021387
-10,1207,598.534772
10,141,602.082337
0,757,642.200442
-10,18,644.580822
-10,130,647.952395
-10,42,648.250369
-10,116,651.430394
-10,2,651.441996
-10,1358,689.563169
0,218,696.924661
-10,321,707.213997
0,1373,746.137163
0,380,757.480713
0,385,768.944769
0,701,789.694782
10,1304,825.163518
-10,137,829.659358
0,137,833.441346
-10,223,841.21003
-10,72,841.880932
-10,474,855.474646
20,761,876.500515
-10,4,876.534848
-10,165,880.552075
20,400,894.251538
-10,312,901.695764
-10,2,901.710884
10,1253,937.528289
-10,564,952.202067
-10,223,958.680068
0,224,965.57738
-10,71,966.221653
0,503,980.373989
-10,1,980.383439
10,268,987.309173
-10,1,987.314215
-10,13,987.444957
-10,130,990.968451
-10,46,993.670696
-10,103,996.970695
0,51,997.325484
-10,10,997.422512
10,165,1001.187465
0,57,1003.934949
-10,99,1007.276135
0,99,1008.101779
-10,15,1008.235843
-10,10,1010.67795
10,475,1021.829922
-10,2,1021.845521
-10,1162,1053.845776
-10,6,1053.895168
-10,169,1059.958139
-10,6,1060.000002
-10,315,1067.515154
-10,378,1078.298633
-10,152,1082.011751
-10,293,1092.450955
-10,87,1093.328008
0,479,1107.71656
-10,1,1107.726215
30,214,1114.210732
20,959,1139.038343
10,73,1141.869565
10,172,1145.990499
0,108,1150.37846
-10,36,1150.759649
10,460,1165.726339
-10,1119,1197.864496
-10,402,1208.348882
-10,2191,1266.736204
10,1540,1308.014276
-10,619,1335.823705
0,48,1338.797181
-10,991,1363.446001
20,145,1369.736974
-10,95,1370.33987
0,608,1387.811193
-10,1,1387.81927
0,10,1387.885362
-10,3,1387.903835
20,229,1394.777344
10,770,1415.830273
-10,23,1415.96371
-10,1,1415.970589
10,537,1430.200408
20,138,1433.719882
-10,23,1436.606217
-10,111,1437.356296
30,281,1447.162453
-10,9,1447.22207
-10,31,1447.413197
10,183,1451.223906
20,154,1457.586111
30,132,1461.009758
-10,165,1464.722724
-10,1,1464.729048
20,142,1468.311927
-10,397,1478.710899
-10,35,1479.022784
-10,252,1486.072894
-10,12,1489.09313
20,230,1493.275083
-10,3,1493.29844
-10,2,1493.312059
-10,4,1493.340109
-10,350,1503.673706
20,184,1510.508018
20,253,1517.816762
-10,2,1517.829952
0,115,1518.524108
-10,549,1535.325499
-10,15,1535.413738
-10,134,1539.234385
0,61,1539.605814
-10,293,1549.756426
-10,86,1550.280002
-10,14,1550.418549
-10,37,1553.327167
-10,151,1557.113924
0,577,1571.769689
-10,121,1576.246061
0,954,1604.075801
-10,22,1604.228459
0,236,1611.250063
-10,92,1614.57956
-10,240,1618.720345
-10,265,1625.680389
0,275,1635.43817
0,155,1639.190918
30,48,1639.50949
30,97,1643.098866
20,907,1667.34705
-10,4,1667.372265
20,431,1677.736838
30,1017,1704.825166
10,65,1707.826141
-10,10,1707.917792
-10,10,1707.978547
-10,6,1708.014424
30,186,1714.462636
0,483,1725.112084
20,119,1728.436485
0,374,1738.408659
-10,158,1741.908452
-10,4,1741.930198
-10,2,1741.943264
0,511,1755.474636
10,50,1758.371907
0,970,1782.263587
20,202,1788.817535
-10,314,1796.195809
20,255,1803.115524
0,49,1806.003706
0,92,1809.109219
0,567,1823.086274
-10,551,1837.041728
0,591,1853.931909
-10,146,1857.653696
-10,529,1871.179468
-10,603,1887.508361
20,64,1888.097924
20,66,1890.96829
-10,464,1903.448334
-10,259,1910.036396
-10,3,1910.0601
-10,181,1914.072895
10,140,1917.377982
20,103,1920.350698
-10,143,1923.767883
50,283,1930.510679
-10,23,1930.726735
30,90,1933.642733
-10,11,1933.734087
-10,214,1939.868154
0,184,1943.532443
10,83,1946.34037
-10,3,1946.371317
-10,10,1946.476891
30,147,1949.928105
-10,170,1955.563102
0,7,1955.603214
10,408,1965.490549
-10,2,1965.502161
-10,6,1965.561306
0,75,1966.288154
-10,855,1988.848351
0,100,1992.421288
0,266,1999.0274
0,728,2018.507376
0,463,2031.190491
30,67,2031.70552
-10,260,2038.305157
-10,659,2055.120832
-10,36,2057.596328
0,98,2058.422759
-10,14,2060.778332
-10,20,2060.89732
20,60,2061.360587
-10,866,2084.116833
-10,9,2084.201414
20,162,2087.862597
-10,3,2087.883024
-10,2,2087.902177
10,23,2088.129629
10,173,2093.843178
-10,14,2093.928851
20,344,2103.58422
20,260,2110.179324
-10,5,2110.206903
-10,3,2110.226532
-10,19,2110.342265
0,30,2110.560478
20,33,2110.849272
-10,943,2136.55259
20,46,2136.834392
30,77,2139.835197
-10,3,2139.853745
-10,3,2139.874578
0,36,2140.093747
0,46,2140.421015
-10,525,2154.397326
-10,1099,2183.716377
-10,21,2183.841352
-10,7,2183.883368
10,75,2186.861462
-10,41,2187.104376
-10,42,2189.913918
30,265,2196.55373
20,55,2196.879561
-10,41,2197.136116
-10,21,2197.356417
-10,1,2197.364652
20,484,2210.266027
0,531,2224.256763
50,324,2233.862125
0,7,2233.904369
50,95,2237.069642
-10,168,2240.731366
-10,8,2240.775122
30,131,2244.118207
30,217,2250.81705
10,355,2260.928558
50,285,2267.905506
0,9,2267.9589
-10,5,2267.990182
-10,1,2267.996854
-10,10,2268.054832
0,19,2268.171665
-10,16,2268.269309
-10,301,2277.50461
-10,80,2278.058836
0,86,2281.126678
-10,117,2284.364357
-10,2,2284.376577
-10,9,2284.429914
0,6,2284.466886
0,189,2288.141602
50,107,2291.331772
10,38,2294.15735
-10,70,2294.681301
30,126,2298.050202
40,155,2301.617735
-10,27,2304.127875
0,45,2304.511166
-10,1,2304.527909
10,36,2304.817961
0,879,2328.802517
20,304,2336.366592
20,93,2339.530417
-10,2249,2399.964727
-10,118,2403.214576
-10,12,2403.325634
-10,7,2403.385338
-10,9,2403.473212
10,76,2404.19067
-10,304,2415.535038
10,835,2437.611236
0,159,2443.474887
-10,489,2454.658268
-10,9,2457.645844
0,5,2457.692574
0,10,2457.802302
20,236,2462.713182
10,628,2480.148669
10,130,2483.564813
-10,15,2486.042608
-10,666,2503.731621
-10,1,2503.744469
-10,18,2503.908024
0,108,2507.272349
10,20,2507.409279
20,110,2510.715379
-10,1,2510.722587
-10,5,2510.753557
20,281,2517.82625
0,521,2531.018102
-10,1,2531.026262
-10,10,2531.124832
0,100,2534.042933
-10,27,2534.279983
0,90,2537.257063
-10,3,2537.276825
0,23,2537.434903
30,358,2547.128967
-10,18,2547.245595
0,30,2547.5258
-10,2,2547.543406
10,36,2547.881251
0,21,2550.285739
0,37,2550.520995
-10,379,2560.266395
0,111,2563.492111
-10,4,2563.5145
0,255,2570.037148
10,341,2577.369375
-10,11,2579.748597
-10,3,2579.76994
-10,1,2579.776533
-10,14,2579.863123
0,35,2580.077352
20,58,2580.538994
-10,234,2586.801028
10,122,2590.076165
-10,1469,2631.660646
0,9,2631.715308
40,550,2666.415693
0,569,2680.325225
50,287,2687.345851
20,316,2696.877701
-10,4,2696.901618
10,38,2697.132075
0,142,2700.496535
10,62,2703.477852
10,1043,2731.816065
10,155,2735.44828
10,98,2738.951395
-10,34,2739.168104
-10,207,2747.518793
40,80,2751.136015
-10,713,2769.442876
30,324,2779.024479
0,21,2779.150277
0,314,2786.111913
0,140,2789.459297
20,97,2792.579928
-10,590,2808.642978
80,185,2812.389264
20,190,2818.496694
-10,40,2818.868346
-10,11,2818.933654
-10,278,2825.570353
20,302,2834.53674
0,105,2835.512351
-10,1,2835.518268
30,487,2848.409044
-10,395,2858.605854
-10,475,2872.411821
-10,302,2880.20456
0,1326,2916.735713
-10,45,2917.142018
10,259,2924.045287
0,455,2938.21176
10,114,2941.520469
-10,20,2941.738464
-10,367,2952.134683
-10,322,2959.509707
-10,9,2959.595149
-10,14,2959.735729
-10,46,2962.249085
-10,29,2962.555175
0,207,2966.645259
0,79,2969.564636
10,107,2972.689374
-10,106,2976.044944
-10,99,2976.954309
0,262,2986.16015
-10,144,2989.561143
30,704,3007.006438
-10,9,3007.069196
-10,1,3007.077106
0,37,3009.823199
0,120,3010.767822
10,412,3023.50539
10,78,3024.061203
-10,13,3024.19701
10,276,3034.299113
20,69,3034.881554
0,684,3053.441297
0,186,3059.565331
0,17,3059.692349
-10,2071,3114.192379
0,114,3117.406517
-10,47,3117.690387
0,107,3120.941594
-10,75,3124.130586
0,104,3127.426978
-10,9,3127.486688
10,179,3131.312783
-10,223,3137.735066
-10,10,3137.79612
-10,417,3148.06574
-10,2,3148.077832
-10,8,3148.132556
0,165,3154.274093
0,70,3154.754635
20,62,3157.71812
-10,7,3157.798049
-10,1051,3185.438027
0,44,3185.761275
0,78,3188.743547
10,64,3189.274115
-10,290,3198.503538
0,703,3215.825224
0,143,3219.761409
-10,8,3219.838135
-10,1,3219.849048
10,252,3226.533773
-10,21,3226.75046
-10,222,3233.486843
0,29,3233.751309
-10,1,3233.75786
30,216,3239.820584
10,59,3242.42643
-10,917,3266.12851
-10,2,3266.146892
10,476,3277.73906
30,729,3300.262338
10,53,3303.391934
20,85,3304.220203
-10,268,3313.606452
0,85,3317.216413
0,65,3317.864421
0,129,3321.275098
0,29,3323.614574
0,187,3330.424489
-10,6,3330.477305
-10,103,3333.568224
0,94,3336.625432
60,326,3343.874495
40,364,3353.789259
10,178,3357.772729
50,426,3371.630043
-10,1,3371.635556
10,55,3371.994832
-10,417,3382.212128
-10,875,3406.686502
0,13,3406.821479
-10,19,3407.028334
10,129,3410.558143
-10,438,3424.424384
-10,48,3424.918559
0,22,3425.14819
20,203,3432.881399
0,52,3433.464561
-10,514,3448.528953
10,164,3456.823755
20,233,3463.967074
0,141,3467.418258
-10,18,3467.527224
20,198,3471.498675
20,173,3479.924295
-10,8,3479.988385
-10,45,3480.381533
-10,25,3480.643966
10,41,3483.661435
0,26,3483.837638
40,260,3490.77156
30,228,3498.222326
10,290,3506.411448
-10,231,3513.009811
-10,13,3513.088188
-10,12,3513.159367
0,39,3513.434289
10,329,3523.000149
0,19,3523.110845
10,21,3523.240652
-10,5,3523.271116
0,32,3523.498484
0,54,3526.306363
0,132,3529.658639
-10,1,3529.663778
0,139,3533.05881
50,154,3536.681367
-10,9,3536.734487
40,187,3543.521614
30,90,3544.0567
30,172,3550.287786
0,51,3550.591398
0,127,3553.955406
0,439,3564.541148
0,142,3570.649915
0,42,3570.905083
10,227,3577.427863
10,53,3577.745185
20,39,3577.978617
-10,7,3578.022894
10,93,3581.15692
0,41,3583.964517
20,133,3587.344447
50,228,3591.279072
0,30,3593.981387
20,31,3594.197525
-10,270,3601.026344
40,141,3604.554745
0,11,3604.62614
10,88,3607.814155
10,57,3608.166661
60,169,3614.829822
40,440,3625.641656
30,287,3633.028367
-10,29,3633.204395
20,178,3641.332261
-10,1011,3669.447184
-10,45,3669.738817
0,17,3669.857195
-10,1,3669.86202
30,392,3680.500881
-10,30,3683.414815
-10,24,3683.609603
-10,34,3683.807925
20,133,3687.868123
10,63,3691.344557
-10,16,3691.502051
30,188,3695.49589
-10,150,3699.445024
-10,3,3699.469873
-10,62,3703.208305
10,579,3719.61259
-10,1,3719.620535
0,54,3722.549722
30,156,3726.839038
20,96,3731.244007
20,71,3732.015106
0,21,3732.235014
0,52,3735.381402
-10,27,3735.650452
0,106,3738.693973
20,29,3738.997714
20,70,3741.771189
-10,31,3742.050487
0,139,3745.378001
0,21,3745.605912
60,246,3752.006992
-10,4,3752.041039
10,18,3752.211011
40,573,3767.936725
-10,12,3768.0586
0,147,3771.524835
-10,12,3771.647272
-10,25,3771.88043
10,28,3772.138576
70,278,3780.915342
100,296,3787.685243
-10,25,3787.927814
0,48,3790.642972
0,13,3790.720248
70,176,3794.383432
0,31,3794.659312
-10,7,3794.726391
10,60,3797.416734
10,740,3819.620537
30,120,3823.065705
0,34,3823.299901
20,180,3827.266138
0,87,3830.446616
50,168,3834.165342
-10,26,3834.428696
30,73,3837.447497
0,296,3844.838077
-10,1,3844.85307
-10,332,3855.759521
20,279,3864.668956
40,800,3885.603826
-10,1,3885.609755
-10,80,3889.53687
30,48,3890.042705
-10,10,3890.138855
60,264,3897.691969
-10,28,3900.254255
20,100,3901.092944
30,468,3914.295846
0,281,3921.285414
20,88,3924.52068
50,212,3931.607311
60,249,3938.742489
50,132,3942.425039
40,266,3949.201913
20,137,3952.680133
50,239,3959.204312
0,88,3959.729623
-10,32,3962.473248
0,17,3962.576444
20,251,3969.186154
50,67,3969.584932
70,280,3976.947328
70,219,3983.903103
70,235,3990.702686
10,519,4005.249229
70,202,4012.9291
0,32,4013.126862
50,253,4020.054794
0,61,4023.947838
50,87,4027.226787
-10,691,4044.820805
60,349,4055.217149
20,358,4065.574891
0,43,4065.851016
40,159,4069.644487
10,116,4072.913367
10,328,4082.324816
30,83,4082.905809
40,107,4086.047957
50,751,4105.633131
60,266,4112.224212
-10,449,4124.583453
0,122,4127.784515
0,22,4127.985814
90,477,4138.415623
0,19,4140.685002
130,210,4144.574855
-10,686,4163.085574
70,462,4173.445976
10,33,4173.780422
0,19,4176.130406
0,207,4180.056451
10,32,4180.379094
10,260,4186.887763
0,48,4189.374078
0,514,4202.425929
-10,7,4202.467667
10,52,4202.93415
10,33,4205.493727
-10,11,4205.55936
-10,2254,4261.958703
20,60,4264.763291
80,397,4274.641629
40,86,4277.72716
30,156,4281.185559
-10,24,4281.332527
10,127,4284.598008
40,636,4301.068075
60,77,4301.60437
30,65,4304.388442
0,7,4304.426807
80,114,4307.627057
30,304,4314.551047
40,86,4317.546793
-10,8,4317.593013
-10,4,4317.616943
10,902,4342.011445
50,378,4352.15929
50,211,4358.487166
60,183,4362.121548
10,30,4362.300328
60,197,4368.522002
0,114,4371.694206
60,231,4378.116116
20,183,4381.746239
10,42,4382.000974
20,69,4384.981255
-10,549,4398.352278
50,177,4404.266719
20,58,4404.759418
10,53,4405.075185
80,249,4411.607985
70,65,4414.449221
50,237,4420.725404
80,349,4427.979928
70,336,4437.207692
70,262,4443.843337
20,352,4453.166383
60,144,4456.433028
-10,20,4456.629563
70,138,4459.925307
0,150,4463.392188
-10,30,4465.704094
10,24,4465.94439
20,58,4466.50405
-10,29,4468.753313
50,698,4485.476663
10,34,4485.80466
40,100,4488.782739
0,37,4489.10469
10,71,4491.852715
30,84,4494.679595
90,205,4498.651531
-10,16,4498.801539
40,159,4504.421965
-10,3,4504.448243
10,36,4504.776302
10,335,4512.087261
70,202,4518.071756
-10,12,4518.200977
-10,9,4518.28269
30,160,4521.772991
-10,14,4523.966451
70,170,4527.584661
0,28,4527.873815
70,182,4533.626844
60,516,4546.668286
100,116,4547.724743
-10,1293,4582.549327
-10,13,4582.62286
-10,41,4582.963618
0,34,4583.256063
20,70,4586.00274
10,640,4602.300128
0,38,4602.62519
0,50,4603.129323
60,375,4612.896618
0,69,4615.577965
-10,8,4615.634249
10,61,4616.238556
40,344,4625.654718
50,228,4631.974255
60,184,4635.736853
0,14,4664.617847
-10,67,4665.031327
-10,1,4665.041315
-10,9,4665.116423
30,76,4668.027712
0,9,4668.080818
30,52,4668.437256
50,119,4671.634146
60,219,4677.988981
50,77,4680.983025
0,23,4681.124859
30,277,4687.82442
0,27,4687.985453
0,99,4691.126961
-10,10,4691.186595
-10,9,4691.241076
0,99,4694.368732
40,251,4700.94932
30,112,4704.171809
-10,10,4704.225204
80,241,4710.722923
0,277,4717.463146
20,64,4717.844419
50,96,4720.965747
0,258,4727.581893
0,32,4727.775196
40,77,4730.789238
0,24,4730.936383
40,158,4734.433702
110,235,4740.909647
-10,396,4750.876427
10,43,4753.582081
-10,1,4753.587643
10,272,4760.370558
0,34,4760.589017
0,52,4760.901423
10,89,4764.029458
-10,9,4764.082223
-10,4,4764.107205
0,12,4764.179489
-10,6,4764.212883
70,211,4770.577287
-10,29,4770.754548
0,13,4770.833965
20,125,4774.135957
0,21,4774.259424
-10,174,4780.362389
0,44,4780.620003
10,33,4780.817363
0,14,4780.900886
50,139,4786.757986
20,53,4787.125844
-10,19,4787.242121
10,49,4787.538322
-10,18,4790.146684
-10,16,4790.262604
20,92,4790.816313
0,47,4793.664436
20,35,4793.871613
30,87,4796.945604
10,56,4797.274882
10,78,4800.318191
-10,19,4800.431985
-10,23,4800.572805
60,291,4807.432046
20,90,4810.530782
30,620,4826.905353
0,25,4827.054139
10,26,4827.209975
20,90,4830.343689
0,38,4830.576096
50,544,4846.509157
-10,237,4850.460947
0,5,4852.992236
-10,2,4853.011832
20,70,4853.447767
50,75,4856.437483
100,221,4860.31599
-10,24,4863.001275
0,28,4863.183104
50,95,4866.235237
40,67,4866.681715
0,24,4866.829836
0,17,4866.93389
10,60,4869.839194
50,184,4873.4832
-10,20,4873.599906
10,43,4876.377681
-10,41,4876.619455
0,31,4876.809236
80,184,4882.992124
0,11,4883.059131
20,46,4883.33899
20,165,4889.381008
40,329,4896.479576
-10,10,4896.543207
20,49,4899.311471
10,64,4899.764828
30,61,4902.581479
20,39,4902.902232
-10,25,4903.049881
60,263,4909.686354
0,22,4909.822011
-10,1,4909.828813
0,29,4912.544088
-10,12,4912.658044
-10,17,4912.817054
80,436,4923.078962
0,32,4923.275673
20,57,4926.161824
50,213,4929.95451
60,53,4932.864788
0,173,4936.435667
20,57,4939.320405
0,46,4939.593881
0,96,4942.818586
0,268,4949.447437
30,270,4956.07241
-10,38,4956.296972
70,229,4962.720109
70,231,4969.104317
10,80,4971.92843
30,221,4975.961576
30,141,4979.292123
60,90,4982.135742
50,132,4985.530951
50,165,4989.04808
80,101,4992.073031
10,100,4995.100944
20,63,4995.684843
40,64,4998.358253
-10,2,4998.378129
10,50,4998.874644
30,255,5005.306463
20,93,5008.230271
30,96,5011.216739
30,179,5015.071983
50,264,5021.681692
20,141,5025.021817
0,656,5043.659546
-10,167,5047.304774
30,202,5051.338785
-10,9,5051.41053
0,17,5053.656575
30,101,5054.624788
-10,88,5057.492545
30,126,5060.806496
-10,37,5061.185715
40,88,5064.114297
-10,6,5064.167588
30,44,5064.599744
60,196,5070.618051
40,151,5074.042178
0,8,5074.120462
40,99,5077.075843
50,151,5080.520247
80,91,5083.444539
10,44,5083.834962
-10,1,5083.843844
20,35,5084.179229
-10,35,5086.636829
60,263,5093.147857
70,125,5096.301368
0,42,5096.716521
40,85,5099.676268
110,217,5103.804153
20,310,5113.004588
10,60,5113.571311
70,265,5120.231616
100,279,5129.108864
50,158,5132.585766
-10,143,5135.990785
30,237,5142.380049
90,230,5148.832044
30,58,5149.314176
100,217,5155.53339
100,291,5162.355209
40,101,5165.472737
10,53,5165.902818
-10,41,5168.552815
90,233,5172.656267
20,69,5175.501193
20,43,5175.984993
80,224,5184.836575
20,37,5185.192176
70,141,5188.735746
0,19,5191.296175
90,162,5194.912632
-10,10,5194.972733
10,78,5198.016568
60,131,5201.46747
90,194,5205.204982
30,64,5208.083436
0,118,5208.957852
20,77,5211.828347
10,178,5215.537245
60,91,5218.464539
20,56,5221.323573
10,16,5221.424547
90,155,5224.975101
10,103,5228.165487
50,116,5231.399734
20,49,5231.702361
-10,13,5231.779815
10,73,5234.739324
80,152,5238.262122
80,140,5241.711932
40,67,5244.721514
0,28,5244.891753
-10,6,5244.930537
20,59,5245.323074
-10,130,5248.627055
70,181,5254.75245
90,171,5258.326633
20,35,5258.593181
-10,9,5258.670184
50,99,5261.725585
30,77,5264.698791
30,82,5265.255376
70,516,5278.41902
0,6,5278.467971
10,16,5281.079775
0,24,5281.219883
40,113,5284.490889
-10,22,5284.623242
90,273,5291.413887
30,52,5291.745201
10,55,5294.593479
-10,2,5294.604447
20,58,5294.942708
120,328,5304.667245
50,110,5307.921407
30,80,5308.494899
10,191,5314.881254
50,58,5315.417953
-10,28,5317.899362
80,468,5328.519535
0,24,5330.986423
-10,7,5331.028677
0,166,5334.513899
110,436,5344.887551
60,106,5347.902463
90,256,5354.465948
100,252,5360.979284
90,256,5367.494933
20,47,5367.961259
-10,11,5370.364128
0,12,5370.438586
-10,125,5373.660019
40,127,5376.924438
10,469,5387.352472
60,160,5390.96236
40,93,5393.910175
90,177,5400.103643
90,219,5404.44536
-10,12,5404.566587
0,40,5407.257703
80,120,5410.593961
60,221,5414.658776
40,101,5417.889089
-10,9,5417.967582
0,29,5418.264374
10,24,5420.767774
100,179,5424.417212
90,191,5431.066428
10,44,5431.339686
30,42,5431.718424
70,175,5437.823441
70,274,5444.793872
20,235,5451.450542
40,123,5454.888375
100,272,5461.758873
10,38,5461.983831
80,246,5468.803142
50,140,5472.324102
110,450,5483.184641
10,84,5486.109162
60,156,5489.800878
0,40,5492.623105
30,48,5492.97829
20,65,5495.985413
10,129,5499.434564
10,52,5499.799894
-10,8,5499.883225
40,168,5503.636359
0,17,5503.803061
-10,258,5511.286985
0,20,5513.946971
80,322,5521.832075
10,62,5524.721181
40,79,5525.481923
60,165,5531.854816
70,187,5536.068697
30,35,5536.405385
90,155,5540.011698
-10,90,5543.130906
60,165,5546.79291
80,149,5552.554367
30,139,5556.204538
90,153,5559.888556
80,214,5567.13357
20,63,5567.585351
-10,12,5567.695733
60,141,5571.602852
90,152,5575.216018
30,59,5578.108068
-10,27,5578.335527
50,95,5581.538189
-10,10,5581.599633
20,38,5581.977586
30,121,5585.342089
60,114,5588.610349
-10,1,5588.619389
40,62,5591.581557
80,105,5592.385399
10,60,5595.218672
10,55,5595.673052
80,254,5602.568392
150,264,5609.548139
10,24,5612.165426
100,241,5616.528055
20,70,5619.321175
90,227,5626.063956
-10,5,5626.0955
0,34,5626.397522
10,125,5629.870837
0,29,5630.162314
0,68,5633.09147
60,135,5636.60878
-10,38,5636.912655
60,119,5640.262798
-10,10,5640.370374
90,298,5647.420803
-10,28,5649.867977
60,171,5653.504454
-10,31,5653.826266
10,79,5656.664575
50,152,5660.167989
-10,1,5660.177574
150,339,5669.645049
0,64,5670.170928
90,263,5676.848697
80,258,5683.476214
50,109,5686.616292
90,166,5690.463756
100,212,5697.121175
100,219,5703.70423
10,268,5711.343067
140,387,5721.677114
90,280,5728.641448
10,69,5731.591821
100,212,5735.72211
-10,18,5735.917932
-10,92,5739.043144
30,113,5742.342638
20,536,5756.332139
0,106,5759.424497
100,278,5766.945146
20,14,5767.066742
90,185,5773.201932
-10,28,5773.509506
40,105,5776.755773
80,176,5780.531944
60,156,5784.115787
-10,1,5784.123068
50,153,5789.814228
10,45,5790.258612
40,86,5793.160595
0,30,5793.445849
50,88,5796.40981
90,127,5799.598069
-10,7,5799.658896
140,189,5803.455966
100,364,5813.124545
110,210,5819.245667
-10,10,5819.305474
40,130,5822.657764
-10,5,5822.727885
100,211,5826.823354
0,20,5829.184639
10,57,5829.667843
90,288,5836.575156
10,51,5839.342727
40,86,5840.220513
-10,51,5842.934012
70,258,5850.117278
0,12,5850.244564
0,122,5853.570873
10,70,5854.233086
30,139,5857.785912
0,32,5860.16791
-10,4,5860.198169
20,113,5863.513063
-10,30,5863.787019
0,15,5863.941399
10,75,5864.691178
-10,25,5867.124352
30,60,5867.702752
50,756,5888.67395
-10,16,5888.846681
40,297,5897.98313
20,85,5898.799086
10,120,5902.073372
0,51,5904.701801
-10,7,5904.761173
0,31,5905.073072
0,26,5905.324448
-10,63,5905.998074
20,38,5908.992708
-10,12,5909.1146
0,88,5912.181376
20,148,5915.827904
30,62,5916.473931
10,266,5923.595625
20,33,5926.166529
0,58,5926.731148
50,386,5937.286706
20,45,5937.727716
-10,11,5937.838917
0,15,5940.006419
50,309,5946.925607
-10,10,5947.027944
10,226,5953.605779
0,15,5953.762948
0,26,5953.979221
50,154,5957.672592
-10,7,5957.732972
60,247,5964.09959
0,80,5966.802065
-10,22,5966.995448
10,77,5969.74088
-10,7,5969.815245
-10,1,5969.825621
20,215,5980.260888
0,34,5980.590431
90,199,5986.947139
-10,11,5987.040909
50,109,5990.353914
30,332,5999.780443
-10,19,5999.895462
30,684,6016.601733
-10,14,6016.74251
0,137,6020.119128
-10,118,6023.234514
20,154,6026.859784
0,143,6030.433021
0,32,6032.906756
30,59,6033.424074
0,482,6046.601388
0,29,6046.87377
20,538,6060.398102
60,188,6066.242077
40,53,6066.689817
-10,22,6066.893375
-10,806,6089.114638
20,52,6089.499155
-10,3,6089.523177
0,29,6089.757488
-10,36,6092.290812
60,469,6102.67619
60,309,6112.026386
40,86,6112.657105
60,193,6119.698038
50,876,6143.500186
60,108,6146.685152
0,33,6146.877955
80,244,6153.39265
-10,187,6157.164019
-10,16,6157.327027
-10,25,6159.830107
0,53,6160.157853
40,96,6163.246897
-10,1,6163.252716
80,232,6169.62364
20,47,6169.89839
40,127,6173.217735
-10,10,6173.300892
50,72,6176.205267
120,315,6183.175627
50,116,6186.527284
0,72,6187.201859
50,108,6190.365842
70,190,6196.388686
100,265,6203.038836
80,85,6206.026782
90,121,6207.048426
120,224,6213.257832
70,139,6216.666083
-10,32,6219.171037
70,167,6222.664228
30,37,6222.972852
60,63,6225.820722
50,97,6226.65894
20,83,6229.654538
20,85,6232.561778
20,95,6233.4242
50,87,6236.310479
90,173,6239.925081
50,176,6245.817302
50,170,6249.397475
40,86,6252.260202
60,236,6258.695653
20,24,6258.920827
90,455,6269.413067
60,158,6275.050138
-10,28,6275.251155
60,134,6278.582177
10,45,6278.997136
120,219,6285.217211
40,52,6285.762602
-10,13,6285.881247
60,95,6288.942681
100,283,6295.756652
80,156,6301.434491
70,133,6304.710752
90,161,6308.301228
110,280,6315.007792
-10,14,6315.143938
90,116,6318.328083
20,76,6321.098062
80,181,6324.851887
20,63,6327.542721
110,318,6334.839803
0,24,6335.068667
-10,312,6344.214482
70,120,6347.369027
10,20,6347.564519
130,289,6354.448689
90,202,6360.52882
30,88,6361.379355
-10,12,6361.499163
40,66,6364.198725
30,69,6366.956133
110,278,6373.685564
-10,1,6373.692712
20,98,6374.60803
10,68,6377.262092
130,318,6386.593713
50,106,6387.64061
30,104,6390.704971
-10,41,6391.0973
50,150,6396.65783
100,180,6400.426255
10,18,6400.579756
120,196,6406.566771
-10,64,6407.148045
40,112,6410.273937
80,157,6414.021311
30,86,6416.88432
20,86,6419.736617
20,92,6420.545456
40,151,6426.239219
60,291,6433.048495
100,287,6439.818341
100,170,6443.435977
40,215,6449.416226
10,65,6452.144667
0,13,6452.275538
20,64,6452.800367
60,186,6458.761239
140,315,6465.754653
140,236,6471.926884
-10,1,6471.936613
30,124,6475.128474
-10,22,6475.344354
60,180,6481.162171
80,134,6484.533535
40,104,6485.496873
50,296,6494.572219
10,169,6498.224874
-10,172,6501.897958
10,34,6504.275036
10,22,6504.477927
-10,10,6504.561944
170,421,6514.769851
10,31,6515.030755
130,343,6524.242769
-10,13,6524.368956
40,70,6527.108807
-10,4,6527.136411
20,52,6527.603134
30,45,6530.159923
-10,59,6530.645658
10,478,6543.528052
40,125,6546.714185
0,19,6546.903514
50,61,6547.432843
80,128,6550.697029
60,134,6554.02417
50,83,6556.853283
40,33,6557.150234
20,42,6559.705493
80,154,6563.125519
50,128,6566.41074
90,371,6576.089339
110,302,6583.027101
10,17,6583.208927
-10,250,6590.20327
70,226,6596.831624
130,525,6610.631936
425
70,90,6472.511729
0,28,6474.798493
-10,12,6474.926323
40,66,6475.557636
50,136,6478.929517
30,69,6481.612229
140,283,6488.497904
-10,1,6488.504789
10,65,6491.155869
70,102,6492.115011
50,107,6495.274393
50,195,6501.23568
40,103,6504.234552
-10,2,6504.249307
-10,7,6504.312078
0,33,6504.636743
60,72,6505.260849
50,292,6514.27267
10,343,6521.507096
10,47,6523.955286
80,226,6530.199365
20,119,6531.284789
-10,49,6533.752852
70,159,6537.318875
40,134,6540.739927
130,214,6546.904536
50,70,6547.511269
40,140,6550.882598
20,58,6553.505452
-10,15,6553.62969
100,327,6562.975323
30,81,6563.66468
90,178,6569.549906
120,469,6580.033358
150,381,6590.376664
-10,9,6590.459722
160,310,6600.088098
50,124,6603.562939
140,333,6610.937987
2.918628
100,343,6570.134726
120,260,6576.59524
150,445,6589.688297
30,78,6590.452681
30,48,6593.205647
20,59,6593.643762
0,21,6593.839439
0,32,6596.573878
120,265,6603.491003
90,286,6610.539508
70,163,6614.131342
0,149,6491.881884
0,18,6492.058315
30,135,6495.484201
60,1090,6524.114316
60,93,6527.029488
0,42,6527.434254
-10,1,6527.442256
30,69,6530.184188
30,70,6530.779265
50,79,6533.571503
20,52,6534.019006
10,107,6537.133601
0,36,6537.452347
30,87,6540.422233
10,21,6540.630918
30,138,6544.039381
60,180,6549.856202
-10,40,6550.183031
-10,1,6550.192235
-10,1,6550.204807
30,67,6550.809963
110,389,6560.637072
60,75,6563.431289
80,269,6570.053473
10,206,6576.123471
60,125,6579.47415
100,252,6586.119423
50,337,6593.835926
10,45,6596.650759
-10,7,6596.694087
70,301,6603.84307
20,57,6606.835077
70,108,6607.632885
60,201,6613.964732
